id,media_type,title,original_title,release_date,year,vote_average,vote_count,popularity,overview,original_language,genres,poster_url,backdrop_url,category,director,cast,trailer_url,production_countries,runtime,budget,revenue,tagline,keywords,streaming,first_review,scraped_at,popularity_norm,vote_average_norm,popularity_std,vote_average_std,decade,planet_size,planet_rating,x3d,y3d,z3d,dist_from_center
157336,movie,Interstellar,Interstellar,2014-11-05,2014.0,8.475,39838,77.8414,The adventures of a group of explorers who make use of a newly discovered wormhole to surpass the limitations on human space travel and conquer the vast distances involved in an interstellar voyage.,en,"Adventure, Drama, Science Fiction",https://image.tmdb.org/t/p/w500/yQvGrMoipbRoddT0ZR8tPoR7NfX.jpg,https://image.tmdb.org/t/p/w1280/5XNQBqnBwPA9yT0jZ0p3s8bbLh0.jpg,"('/movie/popular', 'popular', {})",Christopher Nolan,"Matthew McConaughey, Anne Hathaway, Michael Caine, Jessica Chastain, Casey Affleck, Wes Bentley, Topher Grace, Mackenzie Foy",https://www.youtube.com/watch?v=LY19rHKAaAg,"GB, US",169.0,165000000.0,746606706.0,Mankind was born on Earth. It was never meant to die here.,"rescue, future, spacecraft, race against time, artificial intelligence (a.i.), nasa, time warp, dystopia, expedition, time travel, space travel, wormhole, famine, hibernation, black hole","Paramount Plus Premium, Paramount Plus Essential, Paramount+ Amazon Channel","Well, one off from two of this year's most expected movies alongside 'The Battle of Five Armies'. Like all the Chris Nolan fans, I was equally excited to see the movie on the opening day opening show. But I slightly disappointed that it was not a digital 3D film. I agree, this science-fiction was more dramatized than usual space travel stories does with an adventure-thriller. Almost a 3 hour long ",2026-05-29,0.11262110638408691,0.8474999999999999,4.053398413797636,1.3323051197565925,2010s,0.3421540783640266,0.9191519942508086,-0.85853220014882,-3.206468302392738,0.9719341397689173,9.841978650856852
27205,movie,Inception,Inception,2010-07-15,2010.0,8.372,39270,37.1095,"Cobb, a skilled thief who commits corporate espionage by infiltrating the subconscious of his targets is offered a chance to regain his old life as payment for a task considered to be impossible: ""inception"", the implantation of another person's idea into a target's subconscious.",en,"Action, Science Fiction, Adventure",https://image.tmdb.org/t/p/w500/xlaY2zyzMfkhk0HSC5VUwzoZPU1.jpg,https://image.tmdb.org/t/p/w1280/8ZTVqvKDQ8emSGUEMjsS4yHAwrp.jpg,"('/movie/popular', 'popular', {})",Christopher Nolan,"Leonardo DiCaprio, Joseph Gordon-Levitt, Ken Watanabe, Tom Hardy, Elliot Page, Dileep Rao, Cillian Murphy, Tom Berenger",https://www.youtube.com/watch?v=cdx31ak4KbQ,"GB, US",148.0,160000000.0,839030630.0,Your mind is the scene of the crime.,"mission, dreams, kidnapping, spy, allegory, intellectual, manipulation, heist, memory, dream world, subconscious, high concept, dream",,"When I first saw the trailer for this film, I knew that this would attract a lot of attention. Of course having Leonardo in the lead role helped a lot. 


From the trailer, I already know some things. Dreams. All about dreams. But what about dreams? Who are the other people? At first, I didn't really understand what was going on. It was all very confusing to me. But as the movie progresses, I s",2026-05-29,0.05369010510294359,0.8371999999999999,1.7530262164813784,1.258495514847996,2010s,0.143320468899344,0.8821415738411787,1.2919317146862355,0.3910080821015473,-1.1920251042681442,13.2363939741555
24428,movie,The Avengers,The Avengers,2012-04-25,2012.0,8.032,38051,53.3358,"When an unexpected enemy emerges and threatens global safety and security, Nick Fury, director of the international peacekeeping agency known as S.H.I.E.L.D., finds himself in need of a team to pull the world back from the brink of disaster. Spanning the globe, a daring recruitment effort begins!",en,"Science Fiction, Action, Adventure",https://image.tmdb.org/t/p/w500/RYMX2wcKCBAr24UyPD7xwmjaTn.jpg,https://image.tmdb.org/t/p/w1280/9BBTo63ANSmhC4e6r62OJFuK2GL.jpg,"('/movie/popular', 'popular', {})",Joss Whedon,"Robert Downey Jr., Chris Evans, Mark Ruffalo, Chris Hemsworth, Scarlett Johansson, Jeremy Renner, Tom Hiddleston, Clark Gregg",https://www.youtube.com/watch?v=hIR8Ar-Z4hw,US,143.0,220000000.0,1518815515.0,Some assembly required.,"new york city, superhero, shield, based on comic, alien invasion, superhero team, aftercreditsstinger, duringcreditsstinger, marvel cinematic universe (mcu)",Disney Plus,"With a movie like this you wonder how all of the otherwise, main characters will work together and support the story.

No problems here.  While as might be expected, R. Downey Jr. comes across largely central, it is still a good mix and IMHO the best scenes in the movie involve the generated Hulk character.

With that kind of successful melding of characters, Hollywood-scale egos and even comp",2026-05-29,0.07716635114322691,0.8032,2.669421704669084,1.0148521588390365,2010s,0.222529486825264,0.7599712540424005,1.0325098563572426,-0.8262253652652923,-1.5059517721786055,9.569242448839278
155,movie,The Dark Knight,The Dark Knight,2008-07-16,2008.0,8.531,35787,46.598,"Batman raises the stakes in his war on crime. With the help of Lt. Jim Gordon and District Attorney Harvey Dent, Batman sets out to dismantle the remaining criminal organizations that plague the streets. The partnership proves to be effective, but they soon find themselves prey to a reign of chaos unleashed by a rising criminal mastermind known to the terrified citizens of Gotham as the Joker.",en,"Action, Crime, Thriller",https://image.tmdb.org/t/p/w500/qJ2tW6WMUDux911r6m7haRef0WH.jpg,https://image.tmdb.org/t/p/w1280/cfT29Im5VDvjE0RpyKOSdCKZal7.jpg,"('/movie/popular', 'popular', {})",Christopher Nolan,"Christian Bale, Heath Ledger, Aaron Eckhart, Michael Caine, Maggie Gyllenhaal, Gary Oldman, Morgan Freeman, Monique Gabriela Curnen",https://www.youtube.com/watch?v=_PZpmTj1Q8Q,"GB, US",152.0,185000000.0,1004558444.0,Welcome to a world without rules.,"sadism, chaos, secret identity, crime fighter, superhero, anti hero, scarecrow, based on comic, vigilante, organized crime, tragic hero, anti villain, criminal mastermind, district attorney, super power","HBO Max Amazon Channel, HBO Max",Excellent movie. Best of the trilogy. Lovely music. Nolan is a genius. So is Heath Ledger.,2026-05-29,0.06741808748668038,0.8531000000000001,2.2888981398199735,1.3724346136874805,2000s,0.18963877723766462,0.9392741645706078,0.37418948614494957,0.03250670785111795,1.5116265795044996,8.043554815389669
19995,movie,Avatar,Avatar,2009-12-16,2009.0,7.605,33977,32.2028,"In the 22nd century, a paraplegic Marine is dispatched to the moon Pandora on a unique mission, but becomes torn between following orders and protecting an alien civilization.",en,"Science Fiction, Action, Adventure",https://image.tmdb.org/t/p/w500/gKY6q7SjCkAU6FqvqWybDYgUKIF.jpg,https://image.tmdb.org/t/p/w1280/vL5LR6WdxWPjLPFRLe133jXWsh5.jpg,"('/movie/popular', 'popular', {})",James Cameron,"Sam Worthington, Zoe Saldaña, Sigourney Weaver, Stephen Lang, Michelle Rodriguez, Giovanni Ribisi, Joel David Moore, CCH Pounder",https://www.youtube.com/watch?v=jm2sNLIPPvA,"US, GB",162.0,237000000.0,2923706026.0,Enter the world of Pandora.,"paraplegic, attachment to nature, culture clash, indigenous, space travel, space colony, tribe, alien planet, distant future, marine, battle, love affair, scientist, nature, native peoples",Disney Plus,"It's cinema Jim, but not as we know it. 

So here it is then, what has been in gestation in James Cameron's mind for over 12 years finally hit the silver screen towards the back end of 2009. Made for gazillions amount of cash, Avatar went on to make a billion trillion in Worldwide receipts-and this before the rush rush release of DVD/BLU RAY sales are factored into the equation. The film, and al",2026-05-29,0.046591080898666704,0.7605000000000001,1.4759157389300817,0.7088647676160197,2000s,0.11936831170656985,0.606539705353935,-0.8212094829783384,0.9730104380151487,0.25408514336166105,10.477991378774524
293660,movie,Deadpool,Deadpool,2016-02-09,2016.0,7.623,32724,17.6801,"The origin story of former Special Forces operative turned mercenary Wade Wilson, who, after being subjected to a rogue experiment that leaves him with accelerated healing powers, adopts the alter ego Deadpool. Armed with his new abilities and a dark, twisted sense of humor, Deadpool hunts down the man who nearly destroyed his life.",en,"Action, Adventure, Comedy",https://image.tmdb.org/t/p/w500/3E53WEZJqP6aM84D8CckXx4pIHw.jpg,https://image.tmdb.org/t/p/w1280/en971MEXui9diirXlogOrPKmsEn.jpg,28,Tim Miller,"Ryan Reynolds, Morena Baccarin, Ed Skrein, T.J. Miller, Gina Carano, Leslie Uggams, Brianna Hildebrand, Stefan Kapičić",https://www.youtube.com/watch?v=9vN6DHB6bJc,US,108.0,58000000.0,782837347.0,Feel the love.,"superhero, anti hero, mercenary, based on comic, aftercreditsstinger, duringcreditsstinger",Disney Plus,"A funny movie with a romantic love story.

Wade Wilson (Ryan Reynolds) is a former Special Forces operative who now works as a mercenary. His world comes crashing down when evil scientist Ajax (Ed Skrein) tortures, disfigures and transforms him into Deadpool. 

The rogue experiment leaves Deadpool with accelerated healing powers and a twisted sense of humor. With help from mutant allies Coloss",2026-05-30,0.025579607034062788,0.7623,0.6557326561383429,0.7217635335223762,2010s,0.04847545229729241,0.6130075458138702,-0.33351642438899204,-0.24306345172908456,-0.4758378982345708,12.94542040829194
550,movie,Fight Club,Fight Club,1999-10-15,1999.0,8.439,32046,28.428,"A ticking-time-bomb insomniac and a slippery soap salesman channel primal male aggression into a shocking new form of therapy. Their concept catches on, with underground ""fight clubs"" forming in every town, until an eccentric gets in the way and ignites an out-of-control spiral toward oblivion.",en,"Drama, Thriller",https://image.tmdb.org/t/p/w500/jSziioSwPVrOy9Yow3XhWIBDjq1.jpg,https://image.tmdb.org/t/p/w1280/xRyINp9KfMLVjRiO5nCsoRDdvvF.jpg,"('/movie/popular', 'popular', {})",David Fincher,"Edward Norton, Brad Pitt, Helena Bonham Carter, Meat Loaf, Jared Leto, Zach Grenier, Holt McCallany, Eion Bailey",https://www.youtube.com/watch?v=dfeUzm6KF4g,"DE, US",139.0,63000000.0,100853753.0,Mischief. Mayhem. Soap.,"dual identity, rage and hate, based on novel or book, nihilism, fight, support group, dystopia, insomnia, alter ego, breaking the fourth wall, split personality, quitting a job, dissociative identity disorder, self destructiveness",,"Pretty awesome movie.  It shows what one crazy person can convince other crazy people to do.  Everyone needs something to believe in.  I recommend Jesus Christ, but they want Tyler Durden.",2026-05-29,0.041129692069860294,0.8439,1.2627303738862359,1.3065075879438794,1990s,0.10094154769587345,0.9062163133309381,-0.8921544827982361,-0.18092172897527495,-0.8045615852790255,11.842893878708942
299536,movie,Avengers: Infinity War,Avengers: Infinity War,2018-04-25,2018.0,8.236,31997,50.7106,"As the Avengers and their allies have continued to protect the world from threats too large for any one hero to handle, a new danger has emerged from the cosmic shadows: Thanos. A despot of intergalactic infamy, his goal is to collect all six Infinity Stones, artifacts of unimaginable power, and use them to inflict his twisted will on all of reality. Everything the Avengers have fought for has led up to this moment - the fate of Earth and existence itself has never been more uncertain.",en,"Adventure, Action, Science Fiction",https://image.tmdb.org/t/p/w500/7WsyChQLEftFiDOVTGkv3hFpyyt.jpg,https://image.tmdb.org/t/p/w1280/mDfJG3LC3Dqb67AZ52x3Z0jU0uB.jpg,"('/movie/popular', 'popular', {})","Joe Russo, Anthony Russo","Robert Downey Jr., Chris Evans, Chris Hemsworth, Josh Brolin, Mark Ruffalo, Scarlett Johansson, Don Cheadle, Benedict Cumberbatch",https://www.youtube.com/watch?v=QwievZ1Tx-8,US,149.0,300000000.0,2052415039.0,Destiny arrives all the same.,"sacrifice, magic, superhero, based on comic, space, battlefield, genocide, magical object, super power, superhero team, aftercreditsstinger, marvel cinematic universe (mcu), cosmic",Disney Plus,"""It is a bold undertaking, to readjust what is expected of the MCU/Avengers formula, and there are moments when the sheer scale and momentum match the narrative ambition...""

Read the full review here: http://screen-space.squarespace.com/reviews/2018/4/25/avengers-infinity-war.html",2026-05-29,0.07336820608828822,0.8236000000000001,2.5211610762084757,1.1610381724444128,2010s,0.209714518911499,0.8332734459216677,1.535849084961149,1.0718556815368256,0.6857738969934981,9.889764278306485
278,movie,The Shawshank Redemption,The Shawshank Redemption,1994-09-23,1994.0,8.7,30428,72.2743,"Imprisoned in the 1940s for the double murder of his wife and her lover, upstanding banker Andy Dufresne begins a new life at the Shawshank prison, where he puts his accounting skills to work for an amoral warden. During his long stretch in prison, Dufresne comes to be admired by the other inmates -- including an older prisoner named Red -- for his integrity and unquenchable sense of hope.",en,"Drama, Crime",https://image.tmdb.org/t/p/w500/9cqNxx0GxF0bflZmeSMuL5tnGzr.jpg,https://image.tmdb.org/t/p/w1280/zfbjgQE1uSd9wiPTX4VzsLi0rGG.jpg,"('/movie/popular', 'popular', {})",Frank Darabont,"Tim Robbins, Morgan Freeman, Bob Gunton, William Sadler, Clancy Brown, Gil Bellows, James Whitmore, Mark Rolston",https://www.youtube.com/watch?v=PLl99DlL6b4,US,142.0,25000000.0,28341469.0,Fear can hold you prisoner. Hope can set you free.,"prison, friendship, police brutality, corruption, based on novel or book, freedom, hope, prison cell, delinquent, redemption, parole board, prison escape, wrongful imprisonment, interracial friendship, framed for murder","AMC+ Roku Premium Channel, YouTube TV, Philo",very good movie 9.5/10 محمد الشعراوى,2026-05-29,0.10456661402718108,0.8699999999999999,3.738991227791598,1.4935396935860508,1990s,0.3149781649582971,1.0,0.6369804169722513,-1.7084531233354507,-3.1178958817496802,11.86962223383156
680,movie,Pulp Fiction,Pulp Fiction,1994-09-10,1994.0,8.5,30203,34.7389,"A burger-loving hit man, his philosophical partner, a drug-addled gangster's moll and a washed-up boxer converge in this sprawling, comedic crime caper. Their adventures unfurl in three stories that ingeniously trip back and forth in time.",en,"Thriller, Crime, Comedy",https://image.tmdb.org/t/p/w500/vQWk5YBFWF4bZaofAbv0tShwBvQ.jpg,https://image.tmdb.org/t/p/w1280/suaEOtk1N1sgg2MTM7oZd2cfVp3.jpg,"('/movie/popular', 'popular', {})",Quentin Tarantino,"John Travolta, Samuel L. Jackson, Uma Thurman, Bruce Willis, Ving Rhames, Harvey Keitel, Eric Stoltz, Tim Roth",https://www.youtube.com/watch?v=tGpTpVyI_OQ,US,154.0,8000000.0,213928762.0,You won’t know the facts until you’ve seen the fiction.,"drug dealer, drug crime, gangster, dark comedy, stolen money, crime boss, redemption, los angeles, california, theft, nonlinear timeline, multiple storylines, neo-noir","Paramount Plus Premium, Paramount Plus Essential, Peacock Premium, AMC Plus Apple TV Channel , Paramount+ Amazon Channel, AMC+ Amazon Channel","***The cream of the crop of quirky crime thrillers***

RELEASED IN 1994 and written & directed by Quentin Tarantino, ""Pulp Fiction"" is a drama/thriller/black comedy about two hit men in Los Angeles (John Travolta and Samuel L. Jackson), their mob boss & his wife (Ving Rhames and Uma Thurman) and a champion boxer who incurs the wrath of the boss (Bruce Willis).

The lurid, droll tale is told in",2026-05-29,0.05026031588031764,0.85,1.6191443614498697,1.3502200724043103,1990s,0.131748336133699,0.9281351060007189,0.5482643183935726,-1.1146438606236768,-0.8937594971138347,12.016825168696315
13,movie,Forrest Gump,Forrest Gump,1994-06-23,1994.0,8.465,29754,33.4301,"A man with a low IQ has accomplished great things in his life and been present during significant historic events—in each case, far exceeding what anyone imagined he could do. But despite all he has achieved, his one true love eludes him.",en,"Comedy, Drama, Romance",https://image.tmdb.org/t/p/w500/Cw4hIUIAmSYfK9QfaUW5igp9La.jpg,https://image.tmdb.org/t/p/w1280/66Kn4XWhkuPkJxOJyPEx4U2CUfN.jpg,"('/movie/popular', 'popular', {})",Robert Zemeckis,"Tom Hanks, Robin Wright, Gary Sinise, Sally Field, Mykelti Williamson, Michael Conner Humphreys, Hanna Hall, Haley Joel Osment",https://www.youtube.com/watch?v=Mj9IA9tTfio,US,142.0,55000000.0,677387716.0,The world will never be the same once you've seen it through the eyes of Forrest Gump.,"new year's eve, vietnam war, vietnam veteran, mentally disabled, friendship, usa president, washington dc, usa, post-traumatic stress disorder (ptsd), waitress, based on novel or book, hippie, single parent, parent child relationship, optimism, 1970s","fuboTV, MGM+ Amazon Channel, Paramount Plus Premium, Paramount Plus Essential, Paramount+ Amazon Channel, MGM Plus",Best movie ever.,2026-05-29,0.048366741201091766,0.8465,1.5452286557782091,1.3251391386975055,1990s,0.12535940195514664,0.9155587495508446,-1.201984821662048,-0.5271326424933706,0.12218477380006647,9.927807734486569
118340,movie,Guardians of the Galaxy,Guardians of the Galaxy,2014-07-30,2014.0,7.905,29694,9.7961,"Light years from Earth, 26 years after being abducted, Peter Quill finds himself the prime target of a manhunt after discovering an orb wanted by Ronan the Accuser.",en,"Action, Science Fiction, Adventure",https://image.tmdb.org/t/p/w500/r7vmZjiyZw9rpJMQJdXpjgiCOk9.jpg,https://image.tmdb.org/t/p/w1280/uLtVbjvS1O7gXL8lUOwsFOH4man.jpg,acclaimed,James Gunn,"Chris Pratt, Zoe Saldaña, Dave Bautista, Vin Diesel, Bradley Cooper, Lee Pace, Michael Rooker, Karen Gillan",https://www.youtube.com/watch?v=3CqymRQ1uUU,US,121.0,170000000.0,772776600.0,"When things get bad, they'll do their worst.","spacecraft, based on comic, space, orphan, adventurer, aftercreditsstinger, duringcreditsstinger, marvel cinematic universe (mcu)",Disney Plus,This movie was so AWESOME! I loved it all and i had a bad day before watching it but it turned it around. I love action packed movies and this was great.,2026-05-30,0.014173018731024285,0.7905,0.21047637289004423,0.923844199388631,2010s,0.009989543782846527,0.7143370463528569,0.09388370084326361,-0.0676848956734502,0.038338909581382974,12.544546540678263
671,movie,Harry Potter and the Philosopher's Stone,Harry Potter and the Philosopher's Stone,2001-11-16,2001.0,7.899,29563,35.7199,"Harry Potter has lived under the stairs at his aunt and uncle's house his whole life. But on his 11th birthday, he learns he's a powerful wizard—with a place waiting for him at the Hogwarts School of Witchcraft and Wizardry. As he learns to harness his newfound powers with the help of the school's kindly headmaster, Harry uncovers the truth about his parents' deaths—and about the villain who's to blame.",en,"Adventure, Fantasy",https://image.tmdb.org/t/p/w500/wuMc08IPKEatf9rnMNXvIDxqP4W.jpg,https://image.tmdb.org/t/p/w1280/1XAC6RPT01UX9EQGy2JVn5c8pgy.jpg,"('/movie/popular', 'popular', {})",Chris Columbus,"Daniel Radcliffe, Rupert Grint, Emma Watson, Richard Harris, Tom Felton, Alan Rickman, Robbie Coltrane, Maggie Smith",https://www.youtube.com/watch?v=l91Km49W9qI,"GB, US",152.0,125000000.0,976475550.0,Let the magic begin.,"witch, school friend, friendship, london, england, based on novel or book, magic, boarding school, male friendship, child hero, school of witchcraft, chosen one, bullying, school, ghost, nostalgic","Peacock Premium, HBO Max, Peacock Premium Plus","Ahh, the magic begins.

Harry Potter is an Orphan who on his eleventh birthday discovers he's a wizard and is called to term at Hogwarts School. But Harry is soon to find out that his past, and his destiny, is a truly remarkable, magical, and terrifying thing.

Harry Potter And The Philosopher's Stone arrived in a blaze of publicity, one of the most hyped and talked about motion pictures of th",2026-05-29,0.05167962880843544,0.7899,1.6745472551417244,0.9195446107531786,2000s,0.13653710785524534,0.7121810995328784,0.9078151340529955,1.1733934940608721,0.41496701757051,11.589554841703144
1726,movie,Iron Man,Iron Man,2008-04-30,2008.0,7.66,28125,24.7442,"After being held captive in an Afghan cave, billionaire engineer Tony Stark creates a unique weaponized suit of armor to fight evil.",en,"Action, Science Fiction, Adventure",https://image.tmdb.org/t/p/w500/78lPtwv72eTNqFW9COBYI0dWDJa.jpg,https://image.tmdb.org/t/p/w1280/cKvDv2LpwVEqbdXWoQl4XgGN6le.jpg,"('/movie/popular', 'popular', {})",Jon Favreau,"Robert Downey Jr., Terrence Howard, Jeff Bridges, Gwyneth Paltrow, Leslie Bibb, Shaun Toub, Faran Tahir, Clark Gregg",https://www.youtube.com/watch?v=8ugaeA-nMTc,US,126.0,140000000.0,585174222.0,Heroes aren't born. They're built.,"middle east, kidnapping, superhero, arms dealer, based on comic, aftercreditsstinger, marvel cinematic universe (mcu), counterterrorism",Disney Plus,"Imaginative illustration of an epic story. It combines the modern background society, e.g. terrorism, with the unconventional high-tech fantasy. Our leading actor Robert Downey Jr. deeply embodies the soul of the Iron Man in himself. We common people never lived this way :P",2026-05-29,0.03579996223846338,0.766,1.054684319062532,0.7482776634409982,2000s,0.08295900206097799,0.6263025512037372,-0.477281206202073,0.5112271840662758,-0.4574868584947261,9.976072023834755
68718,movie,Django Unchained,Django Unchained,2012-12-25,2012.0,8.191,28016,14.5803,"With the help of a German bounty hunter, a freed slave sets out to rescue his wife from a brutal Mississippi plantation owner.",en,"Drama, Western",https://image.tmdb.org/t/p/w500/mhf63wOnaLCnzxeHgngTH98WaVh.jpg,https://image.tmdb.org/t/p/w1280/2oZklIzUbvZXXzIFzv7Hi68d6xf.jpg,"('/movie/top_rated', 'top_rated', {})",Quentin Tarantino,"Jamie Foxx, Christoph Waltz, Leonardo DiCaprio, Kerry Washington, Samuel L. Jackson, Walton Goggins, Dennis Christopher, James Remar",https://www.youtube.com/watch?v=_iH0UBYDI4g,US,165.0,100000000.0,425368238.0,"Life, liberty, and the pursuit of vengeance.","rescue, friendship, bounty hunter, ku klux klan, texas, slavery, plantation, revenge, racism, slave trade, black slave, 19th century, white supremacy, anxious, deep south","fuboTV, Paramount Plus Premium, Peacock Premium, Starz Apple TV Channel, Paramount+ Amazon Channel, Starz","America, mid-nineteenth century, just prior to the Civil War. Winter. Two horsebacked slave-traders are leading half-a-dozen manacled negro slaves through a large, unspecified section of Texas. As they move one night through a wood, they cross paths with an affable, charming German fellow identified by the hokey model tooth affixed atop his carriage by a spring as a travelling dentist. He greets t",2026-05-29,0.02109480966955762,0.8191,0.48066854822192023,1.128791257678521,2010s,0.03334371470050406,0.8171038447718294,-0.21218275036539921,0.08896353594118143,0.1414968684397467,7.466977578373178
603,movie,The Matrix,The Matrix,1999-03-31,1999.0,8.246,27892,120.2448,"Set in the 22nd century, The Matrix tells the story of a computer hacker who joins a group of underground insurgents fighting the vast and powerful computers who now rule the earth.",en,"Action, Science Fiction",https://image.tmdb.org/t/p/w500/aOIuZAjPaRIE6CMzbazvcHuHXDc.jpg,https://image.tmdb.org/t/p/w1280/tlm8UkiQsitc8rSuIAscQDCnP8d.jpg,"('/movie/popular', 'popular', {})","Lana Wachowski, Lilly Wachowski","Keanu Reeves, Laurence Fishburne, Carrie-Anne Moss, Hugo Weaving, Gloria Foster, Joe Pantoliano, Marcus Chong, Julian Arahanga",https://www.youtube.com/watch?v=d0XTFAMmhrE,US,136.0,63000000.0,463517383.0,Believe the unbelievable.,"man vs machine, martial arts, kung fu, dreams, fortune teller, artificial intelligence (a.i.), saving the world, hacker, self sacrifice, virtual reality, fight, prophecy, truth, philosophy, dystopia",,"The Martix is a great example of a movie that will live for ever or a very log time. The story and concept are out of this world. Keanu Reeves plays his role with utter brilliance, the cast was very well put together and the graphics are still to this day amazing. All in all one of the best movies of all time.",2026-05-29,0.17397043749127397,0.8246,6.448170138948689,1.1682041535034995,1990s,0.5491471495336683,0.8368666906216318,-3.477150219384028,4.079730485313587,-2.8857782927700506,10.962417957555678
299534,movie,Avengers: Endgame,Avengers: Endgame,2019-04-24,2019.0,8.236,27749,35.5885,"After the devastating events of Avengers: Infinity War, the universe is in ruins due to the efforts of the Mad Titan, Thanos. With the help of remaining allies, the Avengers must assemble once more in order to undo Thanos' actions and restore order to the universe once and for all, no matter what consequences may be in store.",en,"Adventure, Science Fiction, Action",https://image.tmdb.org/t/p/w500/ulzhLuWrPK07P1YkdWQLZnQh1JL.jpg,https://image.tmdb.org/t/p/w1280/7RyHsO4yDXtBv1zUU3mTpHeQ0d5.jpg,"('/movie/popular', 'popular', {})","Anthony Russo, Joe Russo","Robert Downey Jr., Chris Evans, Mark Ruffalo, Chris Hemsworth, Scarlett Johansson, Jeremy Renner, Josh Brolin, Don Cheadle",https://www.youtube.com/watch?v=AMSITikqKiM,US,181.0,356000000.0,2799439100.0,Avenge the fallen.,"superhero, time travel, space travel, time machine, based on comic, sequel, alien invasion, superhero team, marvel cinematic universe (mcu), alternate timeline, father daughter relationship, sister sister relationship, teamwork","Disney Plus, YouTube TV, TNT, TBS, tru TV","The epic Marvel Saga that started over ten years ago has been building up to the inevitable clash with the powerful tyrant Thanos (Josh Brolin).  Last year’s “Avengers: Infinity War” set the stage for the highly-anticipated conclusion; “Avengers: End Game” and at long last it has arrived.

Picking up shortly after the events of the last film, the Avengers must deal with the aftermath of what Tha",2026-05-29,0.051489519003384804,0.8236000000000001,1.667126317087586,1.1610381724444128,2010s,0.13589567604667124,0.8332734459216677,-0.5320526546878728,0.8253544437340381,-0.4745485211319834,7.950229568232408
475557,movie,Joker,Joker,2019-10-01,2019.0,8.125,27717,16.4819,"During the 1980s, a failed stand-up comedian is driven insane and turns to a life of crime and chaos in Gotham City while becoming an infamous psychopathic crime figure.",en,"Crime, Thriller, Drama",https://image.tmdb.org/t/p/w500/udDclJoHjfjb8Ekgsd4FDteOkCU.jpg,https://image.tmdb.org/t/p/w1280/hO7KbdvGOtDdeg0W4Y5nKEHeDDh.jpg,"('/movie/top_rated', 'top_rated', {})",Todd Phillips,"Joaquin Phoenix, Robert De Niro, Zazie Beetz, Frances Conroy, Brett Cullen, Shea Whigham, Bill Camp, Glenn Fleshler",https://www.youtube.com/watch?v=-RFFRxcoKfA,"CA, US",122.0,55000000.0,1078958629.0,Put on a happy face.,"society, based on comic, social commentary, psychological thriller, criminal mastermind, mental illness, anarchy, character study, clown makeup, outsider, prophetic, social realism, tv host, 1980s, mother son relationship","HBO Max Amazon Channel, YouTube TV, HBO Max","If you enjoy reading my Spoiler-Free reviews, please follow my blog :)

Obviously, Joker is one of my most anticipated movies of 2019. I mean, how couldn't it be?! Besides belonging to the superhero genre, DC has been on a streak of great films within its universe, so an isolated installment definitely excites me, especially about one of the evilest villains ever. It's by far one of the less com",2026-05-29,0.023846048674765384,0.8125,0.588063189041931,1.0814957826885458,2010s,0.04262641429855965,0.7933884297520664,0.02110555822619477,-0.26720789046993987,0.2101408951119001,7.8039219764772545
120,movie,The Lord of the Rings: The Fellowship of the Ring,The Lord of the Rings: The Fellowship of the Ring,2001-12-18,2001.0,8.435,27555,41.0354,"Young hobbit Frodo Baggins, after inheriting a mysterious ring from his uncle Bilbo, must leave his home in order to keep it from falling into the hands of its evil creator. Along the way, a fellowship is formed to protect the ringbearer and make sure that the ring arrives at its final destination: Mt. Doom, the only place where it can be destroyed.",en,"Adventure, Fantasy, Action",https://image.tmdb.org/t/p/w500/6oom5QYQ2yQTMJIbnvbkBL9cHo6.jpg,https://image.tmdb.org/t/p/w1280/a0lfia8tk8ifkrve0Tn8wkISUvs.jpg,"('/movie/popular', 'popular', {})",Peter Jackson,"Elijah Wood, Ian McKellen, Viggo Mortensen, Sean Astin, Ian Holm, Liv Tyler, Christopher Lee, Sean Bean",https://www.youtube.com/watch?v=_nZdmwHrcnw,"NZ, US",179.0,93000000.0,871368364.0,One ring to rule them all.,"based on novel or book, elves, dwarf, magic, obsession, allegory, bravery, fireworks, mine, maze, mountain, castle, birthday party, troll, battle","HBO Max Amazon Channel, HBO Max","Brooking no argument, history should quickly regard Peter Jackson’s The Fellowship Of The Ring as the first instalment of the best fantasy epic in motion picture history. This statement is worthy of investigation for several reasons.

Fellowship is indeed merely an opening salvo, and even after three hours in the dark you will likely exit the cinema ravenous with anticipation for the further two",2026-05-29,0.059370105739536556,0.8435,1.9747450955281185,1.303641195520245,2000s,0.1624848306746945,0.9047790154509526,-0.22115804245010628,1.275697647989434,0.48626152530100675,8.359519784466123
597,movie,Titanic,Titanic,1997-12-18,1997.0,7.903,27159,42.9787,"101-year-old Rose DeWitt Bukater tells the story of her life aboard the Titanic, 84 years later. A young Rose boards the ship with her mother and fiancé. Meanwhile, Jack Dawson and Fabrizio De Rossi win third-class tickets aboard the ship. Rose tells the whole story from Titanic's departure through to its death—on its first and last voyage—on April 15, 1912.",en,"Drama, Romance",https://image.tmdb.org/t/p/w500/9xjZS2rlVxm8SFx8kPC3aIGCOYQ.jpg,https://image.tmdb.org/t/p/w1280/xnHVX37XZEp33hhCbYlQFq7ux1J.jpg,"('/movie/popular', 'popular', {})",James Cameron,"Leonardo DiCaprio, Kate Winslet, Billy Zane, Kathy Bates, Frances Fisher, Gloria Stuart, Bill Paxton, Bernard Hill",https://www.youtube.com/watch?v=wO44qBPBG4c,US,194.0,200000000.0,2264162353.0,Nothing on earth could come between them.,"ship, soulmates, shipwreck, atlantic ocean, evacuation, iceberg, titanic, forbidden love, ocean liner, based on true story, rich woman poor man, tragedy, tragic love, historical fiction, class differences","fuboTV, Paramount Plus Premium, Paramount Plus Essential, Starz Apple TV Channel, Paramount+ Amazon Channel, Paramount+ Roku Premium Channel","Beautiful Romance - Tragedy Unbound.

It has kind of become the popular thing to kick Titanic, the film and its achievements. It's like the love it garnered on release and the colossal waves it made in the history of cinema, never happened, or as some want you to believe, doesn't matter. I can tell you now that many of my macho fuelled friends will privately, under the influence of liquid refres",2026-05-29,0.062181676395205596,0.7903,2.0844947828995566,0.9224110031768131,1990s,0.17197108968232042,0.7136183974128638,-0.7180510450811535,0.13531456425559824,1.2011266089052015,7.582084231244338
1399,tv,Game of Thrones,Game of Thrones,2011-04-17,2011.0,8.461,26892,212.6039,"Seven noble families fight for control of the mythical land of Westeros. Friction between the houses leads to full-scale war. All while a very ancient evil awakens in the farthest north. Amidst the war, a neglected military order of misfits, the Night's Watch, is all that stands between the realms of men and icy horrors beyond.",en,"Sci-Fi & Fantasy, Drama, Action & Adventure",https://image.tmdb.org/t/p/w500/1XS1oqL89opfnbLl8WnZY1O1uJx.jpg,https://image.tmdb.org/t/p/w1280/2OMB0ynKlyIenMJWI2Dy9IWT4c.jpg,"('/tv/popular', 'popular', {})","David Benioff, D. B. Weiss","Peter Dinklage, Kit Harington, Nikolaj Coster-Waldau, Lena Headey, Emilia Clarke, Liam Cunningham, Maisie Williams, Isaac Hempstead Wright",https://www.youtube.com/watch?v=KPLWWIOCOOQ,US,,,,Winter is coming.,"based on novel or book, kingdom, dragon, king, intrigue, fantasy world","HBO Max Amazon Channel, HBO Max","I started watching when it came out as I heard that fans of LOTR also liked this. I stopped watching after Season 1 as I was devastated lol kinda. Only 2015 I decided to continue watching and got addicted like it seemed complicated at first, too many stories and characters. I even used a guide from internet like family tree per house while watching or GOT wiki so I can have more background on the ",2026-05-29,0.30759578372911817,0.8461000000000001,11.664236804366997,1.322272746273871,2010s,1.0,0.9141214516708591,2.23705789444759,6.148803103281249,3.152257846006867,7.362923794420766
122,movie,The Lord of the Rings: The Return of the King,The Lord of the Rings: The Return of the King,2003-12-17,2003.0,8.498,26553,44.9888,"As armies mass for a final battle that will decide the fate of the world--and powerful, ancient forces of Light and Dark compete to determine the outcome--one member of the Fellowship of the Ring is revealed as the noble heir to the throne of the Kings of Men. Yet, the sole hope for triumph over evil lies with a brave hobbit, Frodo, who, accompanied by his loyal friend Sam and the hideous, wretched Gollum, ventures deep into the very dark heart of Mordor on his seemingly impossible quest to destroy the Ring of Power.​",en,"Adventure, Fantasy, Action",https://image.tmdb.org/t/p/w500/rCzpDGLbOoPwLjy3OAm5NUPOTrC.jpg,https://image.tmdb.org/t/p/w1280/2u7zbn8EudG6kLlBzUYqP8RyFU4.jpg,"('/movie/popular', 'popular', {})",Peter Jackson,"Elijah Wood, Ian McKellen, Viggo Mortensen, Sean Astin, Andy Serkis, Dominic Monaghan, Billy Boyd, John Noble",https://www.youtube.com/watch?v=zckJCxYxn1g,"NZ, US",201.0,94000000.0,1118888979.0,The eye of the enemy is moving.,"army, based on novel or book, elves, dwarf, magic, kingdom, obsession, allegory, bravery, castle, volcano, giant spider, sequel, honor, king","HBO Max Amazon Channel, HBO Max","And so all good things come to an end. For three years in a row, Peter Jackson has banished our winter blues with the individual instalments of his Tolkien trilogy, effectively shifting the focus of our cinematic excitement from the summer months to the end of the year. But now that his epic has been unveiled in its entirety, what will be the lasting effects of his achievement?

Well, grand-scal",2026-05-29,0.06508989343578622,0.8497999999999999,2.1980170628281974,1.3487868761924924,2000s,0.18178343426690785,0.9274164570607258,-1.3106808816995255,1.440056735666728,0.24834745008595957,10.402609910753894
106646,movie,The Wolf of Wall Street,The Wolf of Wall Street,2013-12-25,2013.0,8.028,25914,22.4985,"A New York stockbroker refuses to cooperate in a large securities fraud case involving corruption on Wall Street, corporate banking world and mob infiltration. Based on Jordan Belfort's autobiography.",en,"Crime, Drama, Comedy",https://image.tmdb.org/t/p/w500/kW9LmvYHAaS9iA0tHmZVq8hQYoq.jpg,https://image.tmdb.org/t/p/w1280/7Nwnmyzrtd0FkcRyPqmdzTPppQa.jpg,"('/movie/popular', 'popular', {})",Martin Scorsese,"Leonardo DiCaprio, Jonah Hill, Margot Robbie, Matthew McConaughey, Kyle Chandler, Rob Reiner, Jon Bernthal, Jon Favreau",https://www.youtube.com/watch?v=Slj4-Sv-YNA,US,180.0,100000000.0,407038432.0,Earn. Spend. Party.,"corruption, based on novel or book, drug addiction, anti hero, con man, fraud, wall street, biography, based on true story, rise and fall, con artist, money, stockbroker, wealthy, drugs","Paramount Plus Premium, Paramount Plus Essential, Starz Apple TV Channel, Paramount+ Amazon Channel, Starz Roku Premium Channel, Kanopy","The Wolf of Wall Street is so addicting to watch, that even with it's 3 hour long run time, you wont be surprised if you end up watching it four days in a row. <br>
     This is Scorsese letting loose and having fun, showing all of the debauchery (and man, is there a lot) in all of it's glory. There are orgies, sex, nudity, copious amounts of drug use, and it now holds the record for the most use",2026-05-29,0.03255087860678738,0.8028000000000001,0.9278563084980084,1.011985766415402,2010s,0.07199657121992128,0.758533956162415,-0.29929745230351873,-0.2620625155193278,-0.5850804703303157,9.874184131562707
11324,movie,Shutter Island,Shutter Island,2010-02-14,2010.0,8.198,25827,18.8743,"World War II soldier-turned-U.S. Marshal Teddy Daniels investigates the disappearance of a patient from a hospital for the criminally insane, but his efforts are compromised by troubling visions and a mysterious doctor.",en,"Drama, Thriller, Mystery",https://image.tmdb.org/t/p/w500/nrmXQ0zcZUL8jFLrakWc90IR8z9.jpg,https://image.tmdb.org/t/p/w1280/rbZvGN1A1QyZuoKzhCw8QPmf2q0.jpg,"('/movie/popular', 'popular', {})",Martin Scorsese,"Leonardo DiCaprio, Mark Ruffalo, Ben Kingsley, Max von Sydow, Michelle Williams, Emily Mortimer, Patricia Clarkson, Jackie Earle Haley",https://www.youtube.com/watch?v=qdPw9x9h5CY,US,138.0,80000000.0,294804195.0,Someone is missing.,"island, based on novel or book, concentration camp, world war ii, hurricane, investigation, psychiatric hospital, mental institution, escaped patient, psychologist, psychological thriller, doctor, missing person, ex military, neo-noir","fuboTV, Paramount Plus Premium, Peacock Premium, Paramount+ Amazon Channel, Peacock Premium Plus, Kanopy",Nice movie,2026-05-29,0.027307378184682853,0.8198000000000001,0.7231762194888146,1.1338074444198818,2010s,0.054304964213572386,0.8196191160618042,-0.14514430635007702,-0.4235223256735188,-0.14367377161757247,8.57011569696647
99861,movie,Avengers: Age of Ultron,Avengers: Age of Ultron,2015-04-22,2015.0,7.272,24421,19.9908,"When Tony Stark tries to jumpstart a dormant peacekeeping program, things go awry and Earth’s Mightiest Heroes are put to the ultimate test as the fate of the planet hangs in the balance. As the villainous Ultron emerges, it is up to The Avengers to stop him from enacting his terrible plans, and soon uneasy alliances and unexpected action pave the way for an epic and unique global adventure.",en,"Action, Adventure, Science Fiction",https://image.tmdb.org/t/p/w500/4ssDuvEDkSArWEdyBl2X5EHvYKU.jpg,https://image.tmdb.org/t/p/w1280/kIBK5SKwgqIIuRKhhWrJn3XkbPq.jpg,"('/movie/popular', 'popular', {})",Joss Whedon,"Robert Downey Jr., Chris Hemsworth, Mark Ruffalo, Chris Evans, Scarlett Johansson, Jeremy Renner, James Spader, Samuel L. Jackson",https://www.youtube.com/watch?v=JAUoeqvedMo,US,141.0,235000000.0,1405403694.0,A new age has come.,"artificial intelligence (a.i.), saving the world, superhero, based on comic, sequel, vision, robot, superhero team, creator, super villain, duringcreditsstinger, marvel cinematic universe (mcu), fictitious country, good versus evil, hilarious",Disney Plus,There is a lot going on in this movie but it all just seemed kind of pointless and dull to me. Every now and then there would be a good scene or piece of dialogue but for the most part I felt myself getting bored and reaching for my phone to play Cribbage. I guess what I didn't like most is that it all felt like a big filler episode instead of an action packed character driven story arc.,2026-05-29,0.028922732806745573,0.7272000000000001,0.7862316025743962,0.47023759834842077,2010s,0.05975518197820693,0.4868846568451314,-0.05250092174833036,-0.3251456774435513,-0.28060750494461234,7.395904366916177
49026,movie,The Dark Knight Rises,The Dark Knight Rises,2012-07-17,2012.0,7.796,24345,21.3983,"Following the death of District Attorney Harvey Dent, Batman assumes responsibility for Dent's crimes to protect the late attorney's reputation and is subsequently hunted by the Gotham City Police Department. Eight years later, Batman encounters the mysterious Selina Kyle and the villainous Bane, a new terrorist leader who overwhelms Gotham's finest. The Dark Knight resurfaces to protect a city that has branded him an enemy.",en,"Action, Crime, Drama, Thriller",https://image.tmdb.org/t/p/w500/hr0L2aueqlP2BYUblTTjmtn0hw4.jpg,https://image.tmdb.org/t/p/w1280/d354XqicJ7vi48YnPDr1vRk5uhZ.jpg,"('/movie/popular', 'popular', {})",Christopher Nolan,"Christian Bale, Gary Oldman, Tom Hardy, Joseph Gordon-Levitt, Anne Hathaway, Marion Cotillard, Morgan Freeman, Michael Caine",https://www.youtube.com/watch?v=GAjBzu8ggi0,"GB, US",165.0,250000000.0,1081041287.0,The legend ends.,"airplane, fight, burglar, hostage, secret identity, crime fighter, superhero, villainess, time bomb, based on comic, cover-up, vigilante, tragic hero, mobile, terrorism","HBO Max Amazon Channel, AMC+ Amazon Channel, Philo, HBO Max","I felt like this was a tremendous end to Nolan's Batman trilogy. The Dark Knight Rises may very well have been the weakest of all 3 films but when you're talking about a scale of this magnitude, it still makes this one of the best movies I've seen in the past few years.

I expected a little more _Batman_ than we got (especially with a runtime of 2:45) but while the story around the fall of Bruce",2026-05-29,0.030959106860084826,0.7796000000000001,0.8657214831771333,0.8457350058445822,2010s,0.06662592224128183,0.6751706791232486,0.38000222857707433,-0.09713021613964255,-0.3411385222637602,8.463739545895196
16869,movie,Inglourious Basterds,Inglourious Basterds,2009-08-02,2009.0,8.2,24164,15.7919,"In Nazi-occupied France during World War II, a group of Jewish-American soldiers known as ""The Basterds"" are chosen specifically to spread fear throughout the Third Reich by scalping and brutally killing Nazis. The Basterds, lead by Lt. Aldo Raine soon cross paths with a French-Jewish teenage girl who runs a movie theater in Paris which is targeted by the soldiers.",en,"Drama, Thriller, War",https://image.tmdb.org/t/p/w500/7sfbEnaARXDDhKm0CZ7D7uc2sbo.jpg,https://image.tmdb.org/t/p/w1280/hwNtEmmugU5Yd7hpfprNWI0DGIn.jpg,"('/movie/top_rated', 'top_rated', {})",Quentin Tarantino,"Brad Pitt, Mélanie Laurent, Christoph Waltz, Eli Roth, Michael Fassbender, Diane Kruger, Daniel Brühl, Til Schweiger",https://www.youtube.com/watch?v=uSEDz-my7XQ,"DE, US",153.0,70000000.0,321457747.0,Once upon a time in Nazi occupied France...,"guerrilla warfare, paris, france, self sacrifice, world war ii, jew persecution, german occupation of france, resistance fighter, nazism, anti-fascism, excited","Peacock Premium, YouTube TV, Peacock Premium Plus","**_Refreshingly different alternative WW2 drama/adventure_**

RELEASED IN 2009 and directed by Quentin Tarantino, ""Inglourious Basterds"" takes place during the German occupation of France in WW2 and revolves around a ruthless “Jew Hunter” Nazi (Christoph Waltz), a beautiful young theater owner dripping with vengeance, a German war hero who pesters her and a brutal team of Jewish-American guerril",2026-05-29,0.022847755177924114,0.82,0.5490947928672321,1.1352406406316984,2000s,0.03925816507545367,0.8203377650017966,-0.23580512473027546,0.2496935235403398,0.3713905288180685,12.378832873146845
76341,movie,Mad Max: Fury Road,Mad Max: Fury Road,2015-05-13,2015.0,7.633,24064,21.6398,"An apocalyptic story set in the furthest reaches of our planet, in a stark desert landscape where humanity is broken, and most everyone is crazed fighting for the necessities of life. Within this world exist two rebels on the run who just might be able to restore order.",en,"Action, Adventure, Science Fiction",https://image.tmdb.org/t/p/w500/hA2ple9q4qnwxp3hKVNhroipsir.jpg,https://image.tmdb.org/t/p/w1280/uT895WNwm0aIJRtGizcQhrejWUo.jpg,"('/movie/popular', 'popular', {})",George Miller,"Tom Hardy, Charlize Theron, Nicholas Hoult, Hugh Keays-Byrne, Josh Helman, Nathan Jones, Zoë Kravitz, Rosie Huntington-Whiteley",https://www.youtube.com/watch?v=MonFNCgK4WE,"AU, US",121.0,150000000.0,378858340.0,The future belongs to the mad.,"rescue, australia, sandstorm, post-apocalyptic future, survival, on the run, peak oil, dark future, intense, dystopian future, desert wasteland, convoy attack, high-speed chase, freedom quest, road warfare",,Fabulous action movie. Lots of interesting characters. They don't make many movies like this. The whole movie from start to finish was entertaining I'm looking forward to seeing it again. I definitely recommend seeing it.,2026-05-29,0.03130850958397927,0.7633,0.879360421838278,0.7289295145814632,2010s,0.06780480946936894,0.6166007905138342,0.019303267690768053,0.4891853693494138,-0.1449697682162466,7.72366386208396
271110,movie,Captain America: Civil War,Captain America: Civil War,2016-04-27,2016.0,7.448,24030,18.6004,"Following the events of Age of Ultron, the collective governments of the world pass an act designed to regulate all superhuman activity. This polarizes opinion amongst the Avengers, causing two factions to side with Iron Man or Captain America, which causes an epic battle between former allies.",en,"Adventure, Action, Science Fiction",https://image.tmdb.org/t/p/w500/rAGiXaUfPzY7CDEyNKUofk3Kw2e.jpg,https://image.tmdb.org/t/p/w1280/7FWlcZq3r6525LWOcvO9kNWurN1.jpg,28,"Joe Russo, Anthony Russo","Chris Evans, Robert Downey Jr., Scarlett Johansson, Sebastian Stan, Anthony Mackie, Don Cheadle, Jeremy Renner, Chadwick Boseman",https://www.youtube.com/watch?v=dKrVegVI0Us,US,147.0,250000000.0,1155046416.0,United we stand. Divided we fall.,"superhero, based on comic, sequel, super soldier, aftercreditsstinger, duringcreditsstinger, marvel cinematic universe (mcu), superhero teamup, versus fighting, versus","Disney Plus, Hulu","Well another super-sized Marvel Comics superhero saga hits the big screen with the selected savior Captain America taking the top billing on the marquee. Thus, the pulsating popcorn pleaser **Captain America: Civil War** arrives on the scene to giddy audiences that have been loyal and fixated on the successful spring of mighty Marvel heroes that have been paraded to viewers throughout the last few",2026-05-30,0.02691109907050195,0.7448,0.7077074604855537,0.596358864988353,2010s,0.05296791571761769,0.550125763564499,0.09790014189129286,-0.5223143598954971,0.4153177778400739,12.587503464075576
121,movie,The Lord of the Rings: The Two Towers,The Lord of the Rings: The Two Towers,2002-12-18,2002.0,8.419,23885,25.1167,"Frodo Baggins and the other members of the Fellowship continue on their sacred quest to destroy the One Ring--but on separate paths. Their destinies lie at two towers--Orthanc Tower in Isengard, where the corrupt wizard Saruman awaits, and Sauron's fortress at Barad-dur, deep within the dark lands of Mordor. Frodo and Sam are trekking to Mordor to destroy the One Ring of Power while Gimli, Legolas and Aragorn search for the orc-captured Merry and Pippin. All along, nefarious wizard Saruman awaits the Fellowship members at the Orthanc Tower in Isengard.",en,"Adventure, Fantasy, Action",https://image.tmdb.org/t/p/w500/5VTN0pR8gcqV3EPUHHfMGnJYN9L.jpg,https://image.tmdb.org/t/p/w1280/kWYfW2Re0rUDE6IHhy4CRuKWeFr.jpg,"('/movie/popular', 'popular', {})",Peter Jackson,"Elijah Wood, Ian McKellen, Viggo Mortensen, Sean Astin, Andy Serkis, John Rhys-Davies, Orlando Bloom, Bernard Hill",https://www.youtube.com/watch?v=nuTU5XcZTLA,"NZ, US",179.0,79000000.0,926287400.0,The journey continues.,"mission, army, based on novel or book, elves, dwarf, magic, obsession, allegory, bravery, castle, reincarnation, sequel, battle, brutality, guide","HBO Max Amazon Channel, HBO Max","Peter Jackson has always maintained that The Two Towers is ""the second act"" of his epic undertaking, and perhaps the true greatness of the middle chapter will only be clear when viewed in context. As a stand-alone film, however, The Two Towers is not quite as good as Fellowship. (Nor, indeed, does it extend the universe or deepen the relationships in the manner of The Empire Strikes Back.) That it",2026-05-29,0.03633889604654074,0.8419000000000001,1.075721605403221,1.2921756258257056,2000s,0.08477736848939392,0.8990298239310102,-0.7690148097809856,0.01822256061770614,0.22235175238725538,8.777355472446748
672,movie,Harry Potter and the Chamber of Secrets,Harry Potter and the Chamber of Secrets,2002-11-13,2002.0,7.704,23572,26.7378,"Cars fly, trees fight back, and a mysterious house-elf comes to warn Harry Potter at the start of his second year at Hogwarts. Adventure and danger await when bloody writing on a wall announces: The Chamber Of Secrets Has Been Opened. To save Hogwarts will require all of Harry, Ron and Hermione's magical abilities and courage.",en,"Adventure, Fantasy",https://image.tmdb.org/t/p/w500/sdEOH0992YZ0QSxgXNIGLq1ToUi.jpg,https://image.tmdb.org/t/p/w1280/1stUIsjawROZxjiCMtqqXqgfZWC.jpg,"('/movie/popular', 'popular', {})",Chris Columbus,"Daniel Radcliffe, Rupert Grint, Emma Watson, Kenneth Branagh, Toby Jones, Robbie Coltrane, Richard Harris, Alan Rickman",https://www.youtube.com/watch?v=nE11U5iBnH0,"GB, US, DE",161.0,100000000.0,876688482.0,Something evil has returned to Hogwarts!,"witch, flying car, elves, magic, sword, diary, child hero, school of witchcraft, giant spider, black magic, giant snake, ghost, nostalgic, child driving car, wizard","HBO Max Amazon Channel, Peacock Premium, HBO Max, Peacock Premium Plus",Awesome 👍,2026-05-29,0.03868430704324998,0.7704,1.1672747460391693,0.779807980100981,2000s,0.09269080155544772,0.6421128278835789,0.19936837051812467,-0.15310480635600046,0.5465259206576359,6.393176347743846
284054,movie,Black Panther,Black Panther,2018-02-13,2018.0,7.363,23478,16.9884,"King T'Challa returns home to the reclusive, technologically advanced African nation of Wakanda to serve as his country's new leader. However, T'Challa soon finds that he is challenged for the throne by factions within his own country as well as without. Using powers reserved to Wakandan kings, T'Challa assumes the Black Panther mantle to join with ex-girlfriend Nakia, the queen-mother, his princess-kid sister, members of the Dora Milaje (the Wakandan 'special forces') and an American secret agent, to prevent Wakanda from being dragged into a world war.",en,"Action, Adventure, Science Fiction",https://image.tmdb.org/t/p/w500/uxzzxijgPIY7slzFvMotPv8wjKA.jpg,https://image.tmdb.org/t/p/w1280/19Ed4XgjahPm4U8JT7SnntERIlt.jpg,28,Ryan Coogler,"Chadwick Boseman, Michael B. Jordan, Lupita Nyong'o, Danai Gurira, Martin Freeman, Daniel Kaluuya, Letitia Wright, Winston Duke",https://www.youtube.com/watch?v=xjDjIWPwcPU,US,135.0,200000000.0,1349926083.0,Long live the king.,"africa, superhero, based on comic, aftercreditsstinger, duringcreditsstinger, marvel cinematic universe (mcu)","Disney Plus, Hulu, YouTube TV","The reviews for _Black Panther_ are all essentially saying the same thing: This is a great movie because it's so different from anything we've seen before, not just in the MCU but in the superhero genre overall, the villain is fantastic and _Black Panther_ is just a new and totally innovative film. Allow me to disagree (almost) entirely. _Black Panther_ is a great film, not because it breaks the m",2026-05-30,0.024578853973533647,0.7363000000000001,0.6166682508716193,0.5354480259861131,2010s,0.04509890448914397,0.5195831836148045,-0.29718002154607703,-0.25065266627719257,0.0023786002016007632,8.149642793613243
150540,movie,Inside Out,Inside Out,2015-06-17,2015.0,7.91,23443,26.1839,"When 11-year-old Riley moves to a new city, her Emotions team up to help her through the transition. Joy, Fear, Anger, Disgust and Sadness work together, but when Joy and Sadness get lost, they must journey through unfamiliar places to get back home.",en,"Animation, Family, Adventure, Drama, Comedy",https://image.tmdb.org/t/p/w500/2H1TmgdfNtsKlU9jKdeNyYL5y8T.jpg,https://image.tmdb.org/t/p/w1280/o3i6AfTcWAuNvzAUV3q5lOmi6Gx.jpg,"('/movie/popular', 'popular', {})",Pete Docter,"Amy Poehler, Phyllis Smith, Richard Kind, Bill Hader, Lewis Black, Mindy Kaling, Kaitlyn Dias, Diane Lane",https://www.youtube.com/watch?v=1HFv47QHWJU,US,95.0,175000000.0,857611174.0,Meet the little voices inside your head.,"dreams, san francisco, california, minnesota, sadness, cartoon, disgust, ice hockey, imaginary friend, elementary school, family relationships, memory, fear, family, anger, unicorn",Disney Plus,This is the most incredible movie I've ever seen :),2026-05-29,0.03788292332165523,0.791,1.1359927248200885,0.9274271899181745,2010s,0.08998692728779785,0.7161336687028389,-0.7827934135195431,-0.6841429509863526,0.1384068854804274,11.144594878730162
284052,movie,Doctor Strange,Doctor Strange,2016-10-25,2016.0,7.42,23420,13.2977,"After his career is destroyed, a brilliant but arrogant surgeon gets a new lease on life when a sorcerer takes him under her wing and trains him to defend the world against evil.",en,"Fantasy, Adventure, Action",https://image.tmdb.org/t/p/w500/xf8PbyQcR5ucXErmZNzdKR0s8ya.jpg,https://image.tmdb.org/t/p/w1280/3zvZ699gMW2RhWc0GisIukzq0Ls.jpg,14,Scott Derrickson,"Benedict Cumberbatch, Chiwetel Ejiofor, Rachel McAdams, Benedict Wong, Mads Mikkelsen, Tilda Swinton, Michael Stuhlbarg, Benjamin Bratt",https://www.youtube.com/watch?v=h7gvFravm4A,US,115.0,180000000.0,676343174.0,The impossibilities are endless.,"magic, superhero, training, based on comic, sorcerer, doctor, neurosurgeon, injury, wizard, aftercreditsstinger, duringcreditsstinger, marvel cinematic universe (mcu), origin story, interdimensional travel, ambiguous",Disney Plus,"With each new Marvel film one could expect the studio to push the limits of what a superhero film should consist of. Films such as Captain America: Winter Solider, Guardians of the Galaxy and Ant-Man all consisted of elements that we have never seen within a superhero film before. Now, Marvel Studios attempts to push the envelop once more by leaving the world of high tech armors and super soldiers",2026-05-30,0.01923914120716833,0.742,0.4082325120861684,0.5762941180229089,2010s,0.027082676362017475,0.5400646784045995,0.2431404345804473,-0.08795631517954448,-0.004052817534904626,10.108547115697432
68721,movie,Iron Man 3,Iron Man 3,2013-04-18,2013.0,6.933,23416,23.2984,"When Tony Stark's world is torn apart by a formidable terrorist called the Mandarin, he starts an odyssey of rebuilding and retribution.",en,"Action, Adventure, Science Fiction",https://image.tmdb.org/t/p/w500/qhPtAc1TKbMPqNvcdXSOn9Bn7hZ.jpg,https://image.tmdb.org/t/p/w1280/iVped1djsF0tvGkvnHbzsE3ZPTF.jpg,"('/movie/popular', 'popular', {})",Shane Black,"Robert Downey Jr., Gwyneth Paltrow, Don Cheadle, Guy Pearce, Rebecca Hall, Jon Favreau, Ben Kingsley, James Badge Dale",https://www.youtube.com/watch?v=YLorLVa95Xo,US,130.0,200000000.0,1215577205.0,Unleash the power behind the armor.,"california, war on terror, superhero, malibu, based on comic, tennessee, billionaire, aftercreditsstinger, marvel cinematic universe (mcu), christmas, america",Disney Plus,"There can be many reasons why the original director of a franchise may decide not to return for a sequel, though they all usually have in common that they're very Hollywood-politically-correct. So exactly why Jon Favreau decided not to helm the third instalment of what is, for all intents and purposes, 'his baby' Iron Man, I can't be sure. But I can tell you one thing: something definitely changed",2026-05-29,0.03370817566203859,0.6933,0.9730314100924166,0.2273108404453695,2010s,0.07590129955841764,0.36507366151634935,0.7068415285277432,0.6723484422798837,-0.46262906551337923,14.798395733131356
70160,movie,The Hunger Games,The Hunger Games,2012-03-12,2012.0,7.223,23292,8.8077,"In a dystopian society where the Capitol forces each district to send two young tributes to fight to the death in a televised spectacle, a girl volunteers to take her sister’s place, setting the stage for a struggle of survival and defiance.",en,"Science Fiction, Adventure, Action, Thriller",https://image.tmdb.org/t/p/w500/yXCbOiVDCxO71zI7cuwBRXdftq8.jpg,https://image.tmdb.org/t/p/w1280/3sndNmvdF0R8AeyCmVoNv8LKtNy.jpg,topup_lang_en,Gary Ross,"Jennifer Lawrence, Josh Hutcherson, Liam Hemsworth, Woody Harrelson, Elizabeth Banks, Lenny Kravitz, Stanley Tucci, Donald Sutherland",https://www.youtube.com/watch?v=qoUT7q2iTbQ,US,142.0,75000000.0,694000000.0,The world will be watching.,"based on novel or book, revolution, dystopia, monarchy, female protagonist, fashion, bow and arrow, game, cynical, hunting, archery, death match, questioning, speculative, futuristic city","Hulu, YouTube TV, Philo, Tubi TV","Very well made movie with quality writing, acting and cinematography. 

**Pros**: strong performance from the star. Technically excellent.

**Cons**: Seems to me that the ending was premature but perhaps intentionally so - for a sequel? Character development is largely weak but there are a lot of characters and already a long movie so I suspect a lot was left on the cutting room floor.

Desp",2026-05-30,0.012742999466853403,0.7222999999999999,0.15465555726820027,0.43512429115889395,2010s,0.005164648808762527,0.46927775781530734,0.03185527993150406,-0.01826189533063428,0.02297774104184076,8.645219033195044
315635,movie,Spider-Man: Homecoming,Spider-Man: Homecoming,2017-07-05,2017.0,7.33,23160,31.2872,"Following the events of Captain America: Civil War, Peter Parker, with the help of his mentor Tony Stark, tries to balance his life as an ordinary high school student in Queens, New York City, with fighting crime as his superhero alter ego Spider-Man as a new threat, the Vulture, emerges.",en,"Action, Adventure, Science Fiction",https://image.tmdb.org/t/p/w500/c24sv2weTHPsmDa7jEMN0m2P3RT.jpg,https://image.tmdb.org/t/p/w1280/tPpYGm2mVecue7Bk3gNVoSPA5qn.jpg,"('/movie/popular', 'popular', {})",Jon Watts,"Tom Holland, Michael Keaton, Robert Downey Jr., Marisa Tomei, Jon Favreau, Gwyneth Paltrow, Zendaya, Donald Glover",https://www.youtube.com/watch?v=xEvV3OsE2WM,US,133.0,175000000.0,880978185.0,Homework can wait. The city can't.,"high school, new york city, washington dc, usa, secret identity, superhero, based on comic, reboot, aftercreditsstinger, duringcreditsstinger, marvel cinematic universe (mcu), masked superhero, teen superhero","Disney Plus, fuboTV, YouTube TV, FXNow","There's now officially (not at all officially, more like just-my-opinion-ally) twice as many good Spider-Man movies as there is bad ones. But _Homecoming_ is my favourite of the bunch. 2017 has been a great year for  the Superhero genre, and _Spider-Man: Homecoming_ does nothing to buck that trend. It's got everything a Spider-Man movie should have: Heart, humour, action, spectacle, a grounded sch",2026-05-29,0.04526638883242341,0.733,1.4242063714843505,0.5118002884911256,2010s,0.11489879143312656,0.5077254761049229,-0.44899283569307213,0.04318039457179594,-0.5037798120857034,5.794468348570059
673,movie,Harry Potter and the Prisoner of Azkaban,Harry Potter and the Prisoner of Azkaban,2004-05-31,2004.0,8.008,23143,22.9057,Harry Potter's life is in danger once more as dangerous wizard Sirius Black has escaped from Azkaban Prison and is heading to Hogwarts.,en,"Adventure, Fantasy",https://image.tmdb.org/t/p/w500/aWxwnYoe8p2d2fcxOqtvAtJ72Rw.jpg,https://image.tmdb.org/t/p/w1280/vbk5CfaAHOjQPSAcYm6AoRRz2Af.jpg,"('/movie/popular', 'popular', {})",Alfonso Cuarón,"Daniel Radcliffe, Rupert Grint, Emma Watson, Robbie Coltrane, Michael Gambon, Gary Oldman, David Thewlis, Timothy Spall",https://www.youtube.com/watch?v=VwErvYgoH70,"GB, US",141.0,130000000.0,789804554.0,Something wicked this way comes.,"witch, school friend, friendship, flying, magic, bus, traitor, child hero, school of witchcraft, black magic, time travel, school, best friend, werewolf, muggle","HBO Max Amazon Channel, Peacock Premium, HBO Max, Peacock Premium Plus",I really loved this movie.,2026-05-29,0.03314001645014067,0.8008,0.950853309834729,0.9976538042972268,2000s,0.07398432641361513,0.7513474667624864,-0.5953191528530286,0.30040441846106297,-0.7038632561856076,13.02604976676082
807,movie,Se7en,Se7en,1995-09-22,1995.0,8.382,23085,24.8297,"Two homicide detectives are on a desperate hunt for a serial killer whose crimes are based on the ""seven deadly sins"" in this dark and haunting film that takes viewers from the tortured remains of one victim to the next. The seasoned Det. Somerset researches each sin in an effort to get inside the killer's mind, while his novice partner, Mills, scoffs at his efforts to unravel the case.",en,"Crime, Mystery, Thriller",https://image.tmdb.org/t/p/w500/191nKfP0ehp3uIvWqgPbFmI4lv9.jpg,https://image.tmdb.org/t/p/w1280/i5H7zusQGsysGQ8i6P361Vnr0n2.jpg,"('/movie/popular', 'popular', {})",David Fincher,"Morgan Freeman, Brad Pitt, Gwyneth Paltrow, John Cassini, Peter Crombie, Reg E. Cathey, R. Lee Ermey, Daniel Zacapa",https://www.youtube.com/watch?v=KPOuJGkpblk,US,127.0,33000000.0,327311859.0,Gluttony. Greed. Sloth. Envy. Wrath. Pride. Lust.,"rage and hate, police, s.w.a.t., sadism, self-fulfilling prophecy, psychopath, detective, investigation, insomnia, murder, serial killer, religion, shootout, corpse, seven deadly sins",,"He's experienced about as much pain and suffering as anyone I've encountered, give or take, and he still has Hell to look forward to. 
 
""Warning: Spoilers""
 
Seven is directed by David Fincher and written by Andrew Kevin Walker. It stars Morgan Freeman, Brad Pitt, Gwyneth Paltrow, Kevin Spacey and R. Lee Ermey. Music is scored by Howard Shore and cinematography by Darius Khondji.

An unname",2026-05-29,0.03592366382394154,0.8382,1.0595130116320053,1.2656614959070829,1990s,0.08337637207340634,0.8857348185411428,0.3072136273337465,-0.22740138023644704,0.24257904539857383,5.663199550306852
238,movie,The Godfather,The Godfather,1972-03-14,1972.0,8.687,22958,48.1932,"Spanning the years 1945 to 1955, a chronicle of the fictional Italian-American Corleone crime family. When organized crime family patriarch, Vito Corleone barely survives an attempt on his life, his youngest son, Michael steps in to take care of the would-be killers, launching a campaign of bloody revenge.",en,"Drama, Crime",https://image.tmdb.org/t/p/w500/3bhkrj58Vtu7enYsRolD1fZdja1.jpg,https://image.tmdb.org/t/p/w1280/tSPT36ZKlP2WVHJLM4cQPLSzv3b.jpg,"('/movie/popular', 'popular', {})",Francis Ford Coppola,"Marlon Brando, Al Pacino, James Caan, Robert Duvall, Richard S. Castellano, Diane Keaton, Talia Shire, Gianni Russo",https://www.youtube.com/watch?v=Ew9ngL1GZvs,US,175.0,6000000.0,245066411.0,An offer you can't refuse.,"based on novel or book, loss of loved one, love at first sight, italy, gangster, symbolism, patriarch, europe, organized crime, mafia, religion, revenge motive, crime family, sicilian mafia, religious hypocrisy","Paramount Plus Premium, Paramount+ Amazon Channel, YouTube TV, Kanopy, Hoopla","The Godfather Review by Al Carlson

The Godfather is a film considered by most to be one of the greatest ever made. From The American Film Institute to as voted by users on the Internet Movie Database (IMDB) it is consider to be one of the best. As a film that ranks as high as other masterpieces including Citizen Kane, Pulp Fiction and 12 Angry Men, The Godfather is an exceptional piece of cinem",2026-05-29,0.06972602630720384,0.8686999999999999,2.3789885537009585,1.4842239182092376,1970s,0.19742577891983662,0.9953287818900467,-0.23630881079738006,1.8628389032321693,-1.274933512459204,11.68699315921954
283995,movie,Guardians of the Galaxy Vol. 2,Guardians of the Galaxy Vol. 2,2017-04-25,2017.0,7.61,22921,12.9068,The Guardians must fight to keep their newfound family together as they unravel the mysteries of Peter Quill's true parentage.,en,"Science Fiction, Adventure, Action",https://image.tmdb.org/t/p/w500/y4MBh0EjBlMuOzv9axM4qJlmhzz.jpg,https://image.tmdb.org/t/p/w1280/aJn9XeesqsrSLKcHfHP4u5985hn.jpg,878,James Gunn,"Chris Pratt, Zoe Saldaña, Dave Bautista, Vin Diesel, Bradley Cooper, Kurt Russell, Michael Rooker, Karen Gillan",https://www.youtube.com/watch?v=wUn05hdkhjM,US,137.0,200000000.0,863756051.0,Anyone can save the galaxy once.,"hero, superhero, based on comic, sequel, alien, space, aftercreditsstinger, duringcreditsstinger, marvel cinematic universe (mcu), father son relationship",Disney Plus,"I didn’t enjoy this as much as the first one. Too long — could have been about 30 minutes shorter. I don’t mind long movies, but they shouldn’t feel long. There’s some good humour throughout the movie and the characters are enjoyable, particularly Rocket who is my favourite! Story is pretty thin. Some good action sequences, of course. Overall, an average movie. Has lost some of the freshness of th",2026-05-30,0.01867358623917521,0.761,0.38615606851415424,0.7124477581455632,2010s,0.02517448995431873,0.6083363277039169,-0.1902998932003338,0.23283749561844094,0.22176640414171778,14.364944729749885
1771,movie,Captain America: The First Avenger,Captain America: The First Avenger,2011-07-22,2011.0,7.007,22721,10.0924,"During World War II, Steve Rogers is a sickly man from Brooklyn who's transformed into super-soldier Captain America to aid in the war effort. Rogers must stop the Red Skull – Adolf Hitler's ruthless head of weaponry, and the leader of an organization that intends to use a mysterious device of untold powers for world domination.",en,"Action, Adventure, Science Fiction",https://image.tmdb.org/t/p/w500/vSNxAJTlD0r02V9sPYpOjqDZXUK.jpg,https://image.tmdb.org/t/p/w1280/yFuKvT4Vm3sKHdFY4eG6I4ldAnn.jpg,topup_lang_en,Joe Johnston,"Chris Evans, Hayley Atwell, Sebastian Stan, Tommy Lee Jones, Hugo Weaving, Dominic Cooper, Richard Armitage, Stanley Tucci",https://www.youtube.com/watch?v=W4DlMggBPvc,US,124.0,140000000.0,370569774.0,The one who never gives up awakens.,"new york city, nazi, superhero, world war ii, heroism, based on comic, super soldier, brooklyn, new york city, aftercreditsstinger, marvel cinematic universe (mcu), origin story, soldiers, war, admiring, celebratory","Disney Plus, Hulu","True to ""Captain America,"" this is the modern (comic book) version of the All American movie.  Good guys versus bad guys without a lot of ambiguity.  _**NOTHING WRONG WITH THAT**_.  

This movie is pretty much perfection for the genre. Entertaining A to Z story with high-end Hollywood professional movie making throughout.",2026-05-30,0.014601706213798298,0.7007,0.22721019287057076,0.28033910028261355,2010s,0.011435938340536828,0.3916636722960834,-0.0011031311715676158,-0.05677204719941492,0.10382198435218425,10.030884205599639
272,movie,Batman Begins,Batman Begins,2005-06-10,2005.0,7.7,22595,17.2637,"Driven by tragedy, billionaire Bruce Wayne dedicates his life to uncovering and defeating the corruption that plagues his home, Gotham City.  Unable to work within the system, he instead creates a new identity, a symbol of fear for the criminal underworld - The Batman.",en,"Drama, Crime, Action",https://image.tmdb.org/t/p/w500/sPX89Td70IDDjVr85jdSBb4rWGr.jpg,https://image.tmdb.org/t/p/w1280/9IIBboV7MCT0bTxzXHmWK1Hq558.jpg,28,Christopher Nolan,"Christian Bale, Michael Caine, Liam Neeson, Katie Holmes, Gary Oldman, Cillian Murphy, Tom Wilkinson, Rutger Hauer",https://www.youtube.com/watch?v=lirBhHXvDSg,"GB, US",140.0,150000000.0,374218673.0,Evil fears the knight.,"martial arts, undercover, loss of loved one, secret identity, crime fighter, superhero, based on comic, rivalry, ninja, vigilante, tragic hero, super power, haunted by the past, evil doctor, master villain","HBO Max Amazon Channel, HBO Max","It's not who I am underneath, but what I do that defines me.

Bruce Wayne is constantly tortured by his childhood memories when he witnessed his parents being murdered. Taken under the wing of The League Of Shadows, a deadly ninja assassin army devoted to erasing crime with their own brand of harsh justice. After completing training, Wayne refuses to join them on account of not agreeing with the",2026-05-30,0.024977158610751622,0.77,0.6322160761859594,0.7769415876773464,2000s,0.04644278711395714,0.6406755300035935,-0.43248589583321323,-0.0025557411017049585,0.38534917112339867,11.793780387124427
10138,movie,Iron Man 2,Iron Man 2,2010-04-28,2010.0,6.853,22372,31.6069,"With the world now aware of his dual life as the armored superhero Iron Man, billionaire inventor Tony Stark faces pressure from the government, the press and the public to share his technology with the military. Unwilling to let go of his invention, Stark, with Pepper Potts and James 'Rhodey' Rhodes at his side, must forge new alliances – and confront powerful enemies.",en,"Adventure, Action, Science Fiction",https://image.tmdb.org/t/p/w500/6WBeq4fCfn7AN0o21W9qNcRF2l9.jpg,https://image.tmdb.org/t/p/w1280/7lmBufEG7P7Y1HClYK3gCxYrkgS.jpg,"('/movie/popular', 'popular', {})",Jon Favreau,"Robert Downey Jr., Gwyneth Paltrow, Don Cheadle, Scarlett Johansson, Sam Rockwell, Mickey Rourke, Samuel L. Jackson, Clark Gregg",https://www.youtube.com/watch?v=BoohRoVA9WQ,US,124.0,200000000.0,623933331.0,"It's not the armor that makes the hero, but the man inside.","technology, superhero, malibu, based on comic, sequel, revenge, aftercreditsstinger, marvel cinematic universe (mcu), break out, irreverent",Disney Plus,"It was understood that the theaters would be sold out but when the three of us came there we just couldn't accept NO for an answer. So we were finally able to buy tickets BUT we were seated separately. It was fine though. The movie kept me entertained. Except for the guy near me who was snoring pretty loud, the movie was great.


Of course Robert Downey Jr was amazing as always. There might be ",2026-05-29,0.04572893148595987,0.6853,1.4422617283786274,0.16998299197267305,2010s,0.11645941357316568,0.33632770391663674,0.953384279792547,-0.46379190536873177,-0.3024248325165715,10.067246220403788
10195,movie,Thor,Thor,2011-04-21,2011.0,6.769,22334,15.3914,"Against his father Odin's will, The Mighty Thor - a powerful but arrogant warrior god - recklessly reignites an ancient war. Thor is cast down to Earth and forced to live among humans as punishment. Once here, Thor learns what it takes to be a true hero when the most dangerous villain of his world sends the darkest forces of Asgard to invade Earth.",en,"Adventure, Fantasy, Action",https://image.tmdb.org/t/p/w500/prSfAi1xGrhLQNxVSUFh61xQ4Qy.jpg,https://image.tmdb.org/t/p/w1280/cDJ61O1STtbWNBwefuqVrRe3d7l.jpg,12,Kenneth Branagh,"Chris Hemsworth, Natalie Portman, Tom Hiddleston, Anthony Hopkins, Stellan Skarsgård, Kat Dennings, Clark Gregg, Colm Feore",https://www.youtube.com/watch?v=uHBnrJowBZE,US,115.0,150000000.0,449326618.0,Courage is immortal.,"new mexico, superhero, redemption, banishment, based on comic, brother against brother, norse mythology, aftercreditsstinger, marvel cinematic universe (mcu), worlds collide, god of thunder, fantasy, egotistical, melodramatic",Disney Plus,The movie was not great. I don't like action movies that much but I'm expecting some good fighting scenes since this is a Marvel movie. I was disappointed. It was mostly talking and I don't understand half of what the actors were saying. I should watch this with subtitles next time.,2026-05-30,0.02226831090910538,0.6769000000000001,0.5264761803049612,0.1097887510763421,2010s,0.03730311606986823,0.3061444484369387,-0.17996516689500636,-0.16052240023545583,-0.36149956149020657,11.699655715174329
11,movie,Star Wars,Star Wars,1977-05-25,1977.0,8.205,22324,30.7379,Princess Leia is captured and held hostage by the evil Imperial forces in their effort to take over the galactic Empire. Venturesome Luke Skywalker and dashing captain Han Solo team together with the loveable robot duo R2-D2 and C-3PO to rescue the beautiful princess and restore peace and justice in the Empire.,en,"Adventure, Action, Science Fiction",https://image.tmdb.org/t/p/w500/6FfCtAuVAW8XJjZ7eWeLibRLWTw.jpg,https://image.tmdb.org/t/p/w1280/yUiXA68FfQeA8cRBhd0Ao0jIRZt.jpg,"('/movie/popular', 'popular', {})",George Lucas,"Mark Hamill, Harrison Ford, Carrie Fisher, Peter Cushing, Alec Guinness, Anthony Daniels, Kenny Baker, Peter Mayhew",https://www.youtube.com/watch?v=XsS1yE2f-hE,US,121.0,11000000.0,775398007.0,"A long time ago in a galaxy far, far away...","empire, galaxy, rebellion, android, hermit, smuggling (contraband), freedom, rebel, rescue mission, space, planet, desert, super power, oppression, space opera","Disney Plus, Hulu","(As I'm writing this review, Darth Vader's theme music begins to build in my mind...)

Well, it actually has a title, what the Darth Vader theme. And that title is ""The Imperial March"", composed by the great John Williams, whom, as many of you may already know, also composed the theme music for ""Jaws"" - that legendary score simply titled, ""Main Title (Theme From Jaws)"".

Now, with that lil' bi",2026-05-29,0.044471660400807606,0.8205,1.393184139573101,1.1388236311612423,1970s,0.11221737216029741,0.8221343873517789,0.36475647335384964,-1.039386595620156,0.9612956708214083,12.93296561896623
22,movie,Pirates of the Caribbean: The Curse of the Black Pearl,Pirates of the Caribbean: The Curse of the Black Pearl,2003-07-09,2003.0,7.824,22229,29.4501,"When wily pirate Captain Barbossa seizes Jack Sparrow’s beloved ship, the Black Pearl, and kidnaps the governor’s daughter, Elizabeth Swann, blacksmith Will Turner reluctantly teams up with the unpredictable pirate Jack to rescue her—only to uncover a terrifying curse that turns Barbossa’s crew into the undead.",en,"Adventure, Fantasy, Action",https://image.tmdb.org/t/p/w500/kvDwL2gTf6yxujbsWbsGQB3Z9Wa.jpg,https://image.tmdb.org/t/p/w1280/zXMGAtDqJ58P8G3W4bwKyYffPhn.jpg,"('/movie/popular', 'popular', {})",Gore Verbinski,"Johnny Depp, Geoffrey Rush, Orlando Bloom, Keira Knightley, Jack Davenport, Jonathan Pryce, Lee Arenberg, Mackenzie Crook",https://www.youtube.com/watch?v=-9HT0l9HV4c,US,143.0,140000000.0,655011224.0,Prepare to be blown out of the water.,"blacksmith, gold, exotic island, governor, skeleton, jamaica, british empire, pirate, swashbuckler, 18th century, caribbean sea, aftercreditsstinger, pirate ship, british navy, tortuga",Disney Plus,"Ah, but you have heard of me.

The crew of the Black Pearl are cursed by something most unimaginable, the only way to lift the curse is to return a lost Aztec coin to its treasure chest home. In the way of them achieving their goal is the British Governor's daughter, the son of Bootstrap Turner, oh and a former comrade by the name of Captain Jack Sparrow who the crew had left to die on an island",2026-05-29,0.04260846856713777,0.7824,1.320454428567627,0.8657997528100256,2000s,0.10593094991462218,0.6852317642831478,-0.3989124913650143,0.2321250795050678,-0.15215042775349022,4.27046809078689
674,movie,Harry Potter and the Goblet of Fire,Harry Potter and the Goblet of Fire,2005-11-16,2005.0,7.803,22156,23.5586,"When his name emerges from the Goblet of Fire, Harry Potter becomes a competitor in a grueling battle for glory among three wizarding schools. Signs of Voldemort's return emerge as Harry's friends help him prepare for the Triwizard Tournament.",en,"Adventure, Fantasy",https://image.tmdb.org/t/p/w500/fECBtHlr0RB3foNHDiCBXeg9Bv9.jpg,https://image.tmdb.org/t/p/w1280/1OV7hau4D3rWGS5bu8sqBYeVpe.jpg,"('/movie/popular', 'popular', {})",Mike Newell,"Daniel Radcliffe, Rupert Grint, Emma Watson, Brendan Gleeson, Michael Gambon, Robert Pattinson, Ralph Fiennes, Robbie Coltrane",https://www.youtube.com/watch?v=4xkFJgcCQRE,"GB, US",157.0,150000000.0,895921036.0,Dark and difficult times lie ahead.,"witch, dying and death, based on novel or book, magic, boarding school, world cup, maze, mermaid, school of witchcraft, black magic, chosen one, sequel, vision, school, tournament","HBO Max Amazon Channel, Peacock Premium, YouTube TV, HBO Max, Peacock Premium Plus","Do not do so lightly! If chosen, there's no turning back. As from this moment, The Triwizard Tournament has begun!

Year four at Hogwarts for Harry Potter and his chums, and it's a time of change, chance and danger. The prestigious Triwizard Tournament is being hosted and the applecart is turned upside down when Harry, unqualified and underage, is selected by the Goblet of Fire to be one of Hogw",2026-05-29,0.0340846335864996,0.7803,0.9877264487658319,0.8507511925859429,2000s,0.07717147122197152,0.6776859504132233,0.03097357437610684,0.004134883280181585,0.7202487787684575,9.036841752635668
297761,movie,Suicide Squad,Suicide Squad,2016-08-03,2016.0,5.917,22091,9.5627,"From DC Comics comes the Suicide Squad, an antihero team of incarcerated supervillains who act as deniable assets for the United States government, undertaking high-risk black ops missions in exchange for commuted prison sentences.",en,"Action, Adventure, Fantasy",https://image.tmdb.org/t/p/w500/sk3FZgh3sRrmr8vyhaitNobMcfh.jpg,https://image.tmdb.org/t/p/w1280/wAk0yKrhAmvsoMvlKs4QImhvK5X.jpg,topup_lang_en,David Ayer,"Will Smith, Jared Leto, Margot Robbie, Joel Kinnaman, Viola Davis, Jai Courtney, Jay Hernandez, Adewale Akinnuoye-Agbaje",https://www.youtube.com/watch?v=m0Xb9BhfVjY,US,122.0,175000000.0,749200054.0,Worst. Heroes. Ever.,"secret mission, superhero, anti hero, villain, supervillain, dc extended universe (dceu)","HBO Max Amazon Channel, YouTube TV, HBO Max",Summertime 2016 has not been very kind to DC Comics-based personalities looking to shine consistently like their big screen Marvel Comics counterparts. Following the super-sized dud that was _Batman v. Superman: Dawn of Justice_ released a few months ago must really put some major pressure on Warner Bros. to gamble on ensuring that the presence of **Suicide Squad** does not meet the same kind of i,2026-05-30,0.013835335104701457,0.5917,0.1972948893144287,-0.5007528351578747,2010s,0.008850196871726328,0.0,0.008267903362427128,-0.0793900270518026,0.08206256141810274,12.712519471579855
284053,movie,Thor: Ragnarok,Thor: Ragnarok,2017-10-02,2017.0,7.581,22006,16.5245,"Thor is imprisoned on the other side of the universe and finds himself in a race against time to get back to Asgard to stop Ragnarok, the destruction of his home-world and the end of Asgardian civilization, at the hands of a powerful new threat, the ruthless Hela.",en,"Action, Science Fiction, Comedy",https://image.tmdb.org/t/p/w500/rzRwTcFvttcN1ZpX2xv4j3tSdJu.jpg,https://image.tmdb.org/t/p/w1280/wBzMnQ01R9w58W6ucltdYfOyP4j.jpg,28,Taika Waititi,"Chris Hemsworth, Mark Ruffalo, Tom Hiddleston, Cate Blanchett, Idris Elba, Jeff Goldblum, Tessa Thompson, Karl Urban",https://www.youtube.com/watch?v=ue80QwXMRHg,US,131.0,180000000.0,855301806.0,No hammer. No problem.,"superhero, death of father, based on comic, sequel, alien planet, female villain, norse mythology, aftercreditsstinger, duringcreditsstinger, marvel cinematic universe (mcu), mysterious, norse god, familiar, ominous",Disney Plus,"_Ragnarok_ is a tough one to review completely without spoiler, so I'll keep this brief:

* I was bothered by a small number of things that happened in this movie.
* I was in love with a large number of things that happened in this movie.
* _Thor: Ragnarok_ is not the MCU's best movie.
* _Thor: Ragnarok_ is the MCU's most fun movie.
* Can we **please** have a worldwide ban on putting anythin",2026-05-30,0.02390768244717906,0.7581,0.590469063936195,0.6916664130742107,2010s,0.04283436707668185,0.5979159180740211,-0.26998119869200676,-0.18963077209220816,0.30241873194056956,9.837720841641879
634649,movie,Spider-Man: No Way Home,Spider-Man: No Way Home,2021-12-15,2021.0,7.934,21988,40.8244,"Peter Parker is unmasked and no longer able to separate his normal life from the high-stakes of being a super-hero. When he asks for help from Doctor Strange the stakes become even more dangerous, forcing him to discover what it truly means to be Spider-Man.",en,"Action, Adventure, Science Fiction",https://image.tmdb.org/t/p/w500/1g0dhYtq4irTY1GPXvft6k4YLjm.jpg,https://image.tmdb.org/t/p/w1280/zD5v1E4joAzFvmAEytt7fM3ivyT.jpg,"('/movie/popular', 'popular', {})",Jon Watts,"Tom Holland, Zendaya, Benedict Cumberbatch, Jacob Batalon, Jon Favreau, Jamie Foxx, Willem Dafoe, Alfred Molina",https://www.youtube.com/watch?v=1mTjfMFyPi8,US,148.0,200000000.0,1921847111.0,The Multiverse unleashed.,"new york city, hero, showdown, magic, loss of loved one, secret identity, superhero, villain, portal, based on comic, sequel, vigilante, superhero team, masked vigilante, alternative reality","Disney Plus, fuboTV, Starz Apple TV Channel, Starz Roku Premium Channel, FXNow","Life for Peter Parker (Tom Holland) is complicated thanks to his dual life as Spider-Man and the challenges of being in High School. Unfortunately for him; his best intentions are about to make things much worse in “Spider-Man: No Way Home”.

Taking place where “Spider-Man: Far From Home” ended; Peter must deal with his secret identity being leaked by Tabloid Journalist J. Jonah Jameson (J.K. Si",2026-05-29,0.05906483048180682,0.7934,1.9628286729297681,0.9446255444599834,2020s,0.1614548298253099,0.7247574559827527,1.516334123286166,1.3183299828445092,-0.6637443830261789,13.67709695265548
12445,movie,Harry Potter and the Deathly Hallows: Part 2,Harry Potter and the Deathly Hallows: Part 2,2011-07-12,2011.0,8.08,21970,19.8065,"Harry, Ron and Hermione continue their quest to vanquish the evil Voldemort once and for all. Just as things begin to look hopeless for the young wizards, Harry discovers a trio of magical objects that endow him with powers to rival Voldemort's formidable skills.",en,"Adventure, Fantasy",https://image.tmdb.org/t/p/w500/c54HpQmuwXjHq2C9wmoACjxoom3.jpg,https://image.tmdb.org/t/p/w1280/cbcpDn6XJaIGoOil1bKuskU8ds4.jpg,"('/movie/popular', 'popular', {})",David Yates,"Daniel Radcliffe, Emma Watson, Rupert Grint, Ralph Fiennes, Alan Rickman, Michael Gambon, Warwick Davis, Helena Bonham Carter",https://www.youtube.com/watch?v=kwM3kN8PNOc,"GB, US",130.0,125000000.0,1341511219.0,It all ends.,"witch, dying and death, saving the world, self sacrifice, magic, school of witchcraft, sorcerer, school, battle, ghost, wizard, teenage hero, christmas, based on young adult novel, good versus evil","HBO Max Amazon Channel, Peacock Premium, YouTube TV, HBO Max, Peacock Premium Plus","It is the quality of one's convictions that determines success, not the number of followers. 

So here it is, the 8th and final instalment of a film franchise that has lasted 10 years and runs at just under 20 hours in total. Following straight on from the frustratingly incomplete scene setter that was Deathly Hallows Part 1, we continue to track Harry, Hermione and Ron as they search for the re",2026-05-29,0.0286560871669371,0.808,0.7758230874801976,1.0492488679226544,2010s,0.05885551772919471,0.777218828602228,0.32386169526426944,-0.3065643952241591,-0.1352526534278826,8.420362986018855
105,movie,Back to the Future,Back to the Future,1985-07-03,1985.0,8.326,21802,21.4716,"Eighties teenager Marty McFly is accidentally sent back in time to 1955, inadvertently disrupting his parents' first meeting and attracting his mother's romantic interest. Marty must repair the damage to history by rekindling his parents' romance and - with the help of his eccentric inventor friend Doc Brown - return to 1985.",en,"Adventure, Comedy, Science Fiction",https://image.tmdb.org/t/p/w500/vN5B5WgYscRGcQpVhHl6p9DDTP0.jpg,https://image.tmdb.org/t/p/w1280/5bzPWQ2dFUl2aZKkp7ILJVVkRed.jpg,"('/movie/popular', 'popular', {})",Robert Zemeckis,"Michael J. Fox, Christopher Lloyd, Crispin Glover, Lea Thompson, Claudia Wells, Thomas F. Wilson, Marc McClure, Wendie Jo Sperber",https://www.youtube.com/watch?v=ez6WQ7IX72U,US,116.0,19000000.0,381109762.0,He was never in time for his classes... He wasn't in time for his dinner... Then one day... he wasn't in his time at all.,"flying car, race against time, clock tower, car race, lightning, guitar, inventor, journey in the past, invention, time travel, bullying, mad scientist, love, fish out of water, terrorism","fuboTV, MGM+ Amazon Channel, MGM Plus, Philo","**Entertaining**

A man goes back in time to save his mother - or something like that anyway - I was too entertained to fully grasp what was going on.  Seriously, this film moves so fast that you will find yourself having to try your hardest to keep up with it.

Great movie. Great soundtrack. Great performances. A shame that the sequels did not live up to this one. 

- Ian Beale",2026-05-29,0.031065157459097093,0.8326,0.8698611693214889,1.225532001976196,1980s,0.06698373770222918,0.8656126482213443,0.5887856364428599,-0.4757253748911611,0.4704089340503789,13.506588252103741
14160,movie,Up,Up,2009-05-28,2009.0,7.96,21652,17.0858,"Carl Fredricksen spent his entire life dreaming of exploring the globe and experiencing life to its fullest. But at age 78, life seems to have passed him by, until a twist of fate (and a persistent 8-year old Wilderness Explorer named Russell) gives him a new lease on life.",en,"Animation, Comedy, Family, Adventure",https://image.tmdb.org/t/p/w500/mFvoEwSfLqbcWwFsDjQebn9bzFe.jpg,https://image.tmdb.org/t/p/w1280/hGGC9gKo7CFE3fW07RA587e5kol.jpg,"('/movie/top_rated', 'top_rated', {})",Pete Docter,"Ed Asner, Christopher Plummer, Jordan Nagai, Bob Peterson, Delroy Lindo, Jerome Ranft, John Ratzenberger, David Kaye",https://www.youtube.com/watch?v=Ajcdb4FAL7A,US,96.0,175000000.0,735103954.0,Change is in the air.,"central and south america, age difference, villain, balloon, travel, dog, nostalgic, duringcreditsstinger, pets, exploring, senior, inspirational, cheerful",Disney Plus,"A fun and charming adventure.

<em>'Up'</em> certainly knows how to tug at the heartstrings. It creates a very meaningful story around Carl Fredricksen (Ed Asner), with the early scenes particularly standing out as superb.

I don't overly enjoy the parts with Dug (Bob Peterson) and Kevin (Pete Docter), not that they are bad, though everything with Fredricksen, Russell (Jordan Nagai) and Charle",2026-05-29,0.024719772504826893,0.796,0.6221690070852652,0.9632570952136096,2000s,0.04557436459686937,0.7340998922026591,0.35988011242411144,-0.00961367497201851,-0.16687326573343148,9.395044217397768
135397,movie,Jurassic World,Jurassic World,2015-06-06,2015.0,6.7,21569,13.1025,"Twenty-two years after the events of Jurassic Park, Isla Nublar now features a fully functioning dinosaur theme park, Jurassic World, as originally envisioned by John Hammond.",en,"Adventure, Science Fiction",https://image.tmdb.org/t/p/w500/rhr4y79GpxQF9IsfJItRXVaoGs4.jpg,https://image.tmdb.org/t/p/w1280/s5QfDFqRO6sjgPtKkjxD0WqXQef.jpg,878,Colin Trevorrow,"Chris Pratt, Bryce Dallas Howard, Irrfan Khan, Vincent D'Onofrio, Ty Simpkins, Nick Robinson, Jake Johnson, Omar Sy",https://www.youtube.com/watch?v=aJJrkyHas78,US,124.0,150000000.0,1671537444.0,The park is open.,"island, primal fear, escape, velociraptor, dna, tyrannosaurus rex, animal attack, sequel, dinosaur, creature, park, amusement park, theme park, genetic engineering, nostalgic","Netflix, Netflix Standard with Ads","I was a huge fan of the original 3 movies, they were out when I was younger, and I grew up loving dinosaurs because of them. This movie was awesome, and I think it can stand as a testimonial piece towards the capabilities that Christopher Pratt has. He nailed it. The graphics were awesome, the supporting cast did great and the t rex saved the child in me. 10\5 stars, four thumbs up, and I hope tha",2026-05-30,0.0189567254237141,0.67,0.3972084092842825,0.06034348176864149,2010s,0.026129803538321394,0.2813510600071867,0.051162144254789634,0.2537990190841313,-0.17272179194165252,12.254940288189557
66732,tv,Stranger Things,Stranger Things,2016-07-15,2016.0,8.566,21214,149.4345,"When a young boy vanishes, a small town uncovers a mystery involving secret experiments, terrifying supernatural forces, and one strange little girl.",en,"Action & Adventure, Mystery, Sci-Fi & Fantasy",https://image.tmdb.org/t/p/w500/uOOtwVbSr4QDjAGIifLDwpb2Pdl.jpg,https://image.tmdb.org/t/p/w1280/56v2KjBlU4XaOv9rVYEQypROD7P.jpg,"('/tv/popular', 'popular', {})","Ross Duffer, Matt Duffer","Winona Ryder, David Harbour, Millie Bobby Brown, Finn Wolfhard, Gaten Matarazzo, Caleb McLaughlin, Noah Schnapp, Sadie Sink",https://www.youtube.com/watch?v=mnd7sFt5c3A,US,,,,It only gets stranger...,"monster, small town, indiana, usa, experiment, halloween, friendship, supernatural, coming of age, parallel world, super power, government conspiracy, teen drama, 1980s, supernatural horror, teen horror","Netflix, Netflix Standard with Ads","**AVERAGE AT BEST**

This show is average at best. I wouldn't recommend it to adults. It's more suited for kids and teenagers. For me as an adult this show was boring and not serious at all. Propaganda is not very blatant here and kinda hidden, but it's still there and especially visible in 5th season. Attentive eye will catch it.",2026-05-29,0.2162021587735169,0.8566,8.096685782166963,1.3975155473942853,2010s,0.6916372717767075,0.951850521020482,5.8356788988854795,-3.568083765619388,0.7857174040033207,10.411248498732025
286217,movie,The Martian,The Martian,2015-09-30,2015.0,7.698,21210,20.0082,"During a manned mission to Mars, Astronaut Mark Watney is presumed dead after a fierce storm and left behind by his crew. But Watney has survived and finds himself stranded and alone on the hostile planet. With only meager supplies, he must draw upon his ingenuity, wit and spirit to subsist and find a way to signal to Earth that he is alive.",en,"Science Fiction, Drama, Adventure",https://image.tmdb.org/t/p/w500/3ndAx3weG6KDkJIRMCi5vXX6Dyb.jpg,https://image.tmdb.org/t/p/w1280/lzMS0CI3FLQYC5EgJoWeIaEt0lm.jpg,"('/movie/popular', 'popular', {})",Ridley Scott,"Matt Damon, Jessica Chastain, Kristen Wiig, Jeff Daniels, Michael Peña, Sean Bean, Kate Mara, Sebastian Stan",https://www.youtube.com/watch?v=ej3ioOneTy8,US,141.0,108000000.0,631058917.0,Bring him home.,"spacecraft, planet mars, based on novel or book, nasa, isolation, botanist, survival, space, engineering, stranded, astronaut, struggle for survival, aftercreditsstinger, duringcreditsstinger, curious","Peacock Premium, YouTube TV, MGM Plus, Peacock Premium Plus, Fandango at Home Free","'The Martian’ is definitely in the creative wheelhouse of filmmaker Ridley Scott whose Science Fiction sensibilities are grounded in colorful futuristic fantasies that tiptoe in grand whimsy.  The veteran auteur responsible for such pop cultural high-minded spectacles in ‘Alien’, ‘Blade Runner’ and even the mixed bag reception of ‘Prometheus’ certainly brings a sophisticated and thought-provoking ",2026-05-29,0.028947907164492002,0.7698,0.7872142838692363,0.7755083914655292,2010s,0.05984012043687655,0.6399568810636007,-0.49249316475781735,0.20601223776470898,0.5219910842979966,11.853349260163693
354912,movie,Coco,Coco,2017-10-27,2017.0,8.198,20965,23.3361,"Despite his family’s baffling generations-old ban on music, Miguel dreams of becoming an accomplished musician like his idol, Ernesto de la Cruz. Desperate to prove his talent, Miguel finds himself in the stunning and colorful Land of the Dead following a mysterious chain of events. Along the way, he meets charming trickster Hector, and together, they set off on an extraordinary journey to unlock the real story behind Miguel's family history.",en,"Family, Animation, Music, Adventure",https://image.tmdb.org/t/p/w500/6Ryitt95xrO8KXuqRGm1fUuNwqF.jpg,https://image.tmdb.org/t/p/w1280/g7CHF8gTLGooTbP4GznIGwaqAGL.jpg,"('/movie/popular', 'popular', {})",Lee Unkrich,"Anthony Gonzalez, Gael García Bernal, Benjamin Bratt, Alanna Ubach, Renée Victor, Jaime Camil, Alfonso Arau, Herbert Siguenza",https://www.youtube.com/watch?v=Rvr68u6k5sI,US,105.0,175000000.0,814641172.0,The celebration of a lifetime.,"skeleton, mexico, guitar, afterlife, musician, holiday, villain, singer, murderer, life after death, kids, day of the dead, music, boy, hilarious",Disney Plus,"Spectacularly colourful with a sweet, (albeit predictable) path. Certainly not a misfire from Pixar, but also did not appeal to me personally in the way that many of their other films have.

_Final rating:★★½ - Not quite for me, but I definitely get the appeal._",2026-05-29,0.03376272010382252,0.8198000000000001,0.9751605528979035,1.1338074444198818,2010s,0.07608533288553515,0.8196191160618042,-0.46262490231493747,0.39810831043342254,0.29829984670998183,8.404885422971676
297762,movie,Wonder Woman,Wonder Woman,2017-05-30,2017.0,7.209,20897,14.5763,An Amazon princess comes to the world of Man in the grips of the First World War to confront the forces of evil and bring an end to human conflict.,en,"Action, Adventure, Fantasy",https://image.tmdb.org/t/p/w500/v4ncgZjG2Zu8ZW5al1vIZTsSjqX.jpg,https://image.tmdb.org/t/p/w1280/AaABt75ZzfMGrscUR2seabz4PEX.jpg,12,Patty Jenkins,"Gal Gadot, Chris Pine, Connie Nielsen, Robin Wright, Danny Huston, David Thewlis, Saïd Taghmaoui, Ewen Bremner",https://www.youtube.com/watch?v=VSB4wGIdDwo,US,141.0,149000000.0,823970682.0,Power. Grace. Wisdom. Wonder.,"island, hero, strong woman, world war i, empowerment, superhero, feminism, greek mythology, based on comic, female protagonist, period drama, super power, heroine, woman director, female empowerment","HBO Max Amazon Channel, Cinemax Amazon Channel, HBO Max, Cinemax Apple TV Channel","I'd just like to thank Patty Jenkins for making a DCIThoughtSheWasWithUniverse movie that wasn't fucking garbage.

If I'm being completely honest, the two people I went to the cinema to watch _Wonder Woman_ with and I did spend the next two hours after coming out of our screening discussing the various problems with the movie, but we also all agreed on one thing: We still loved it.

Maybe it's",2026-05-30,0.021089022460880277,0.7209,0.48044264447597995,0.42509191767617194,2010s,0.033324188618051274,0.46424721523535756,-0.30309863205375537,-0.17486031940584906,0.046694632937187376,10.020748157256914
98,movie,Gladiator,Gladiator,2000-05-04,2000.0,8.226,20886,21.0269,"After the death of Emperor Marcus Aurelius, his devious son takes power and demotes Maximus, one of Rome's most capable generals who Marcus preferred. Eventually, Maximus is forced to become a gladiator and battle to the death against other men for the amusement of paying audiences.",en,"Action, Drama, Adventure",https://image.tmdb.org/t/p/w500/wN2xWp1eIwCKOD0BHTcErTBv1Uq.jpg,https://image.tmdb.org/t/p/w1280/jhk6D8pim3yaByu1801kMoxXFaX.jpg,"('/movie/popular', 'popular', {})",Ridley Scott,"Russell Crowe, Joaquin Phoenix, Connie Nielsen, Oliver Reed, Richard Harris, Derek Jacobi, Djimon Hounsou, David Schofield",https://www.youtube.com/watch?v=P5ieIbInFpg,"GB, US",155.0,103000000.0,465516248.0,What we do in life echoes in eternity.,"gladiator, rome, italy, arena, senate, roman empire, parent child relationship, emperor, slavery, ancient rome, revenge, battlefield, slave auction, historical fiction, ancient world, period drama","fuboTV, Paramount Plus Premium, Paramount Plus Essential, Paramount+ Amazon Channel, MGM Plus Roku Premium Channel, Kanopy","Gladiator has been my most favorite film of all time. It is an epic masterpiece in many ways and it really explains why despite the numerous viewings, Gladiator still amuses me with its powerful imageries and many other crucial aspects so that it won five Academy Awards. This film is very well written, the well-ensemble casts, the A-class acting (especially Russell Crowe and Joaquin Phoenix), the ",2026-05-29,0.030421764534393745,0.8226000000000001,0.844746320366578,1.1538721913853258,2000s,0.06481292548554045,0.8296802012217037,-0.22641704513649089,0.29582738394325153,-0.5221633978611864,10.016301936908711
102899,movie,Ant-Man,Ant-Man,2015-07-14,2015.0,7.065,20851,10.7071,"Armed with the astonishing ability to shrink in scale but increase in strength, master thief Scott Lang must embrace his inner-hero and help his mentor, Doctor Hank Pym, protect the secret behind his spectacular Ant-Man suit from a new generation of towering threats. Against seemingly insurmountable obstacles, Pym and Lang must plan and pull off a heist that will save the world.",en,"Science Fiction, Adventure, Action",https://image.tmdb.org/t/p/w500/rQRnQfUl3kfp78nCWq8Ks04vnq1.jpg,https://image.tmdb.org/t/p/w1280/1K3JmSNUN8OpjYsCjc0Hy0SYxAb.jpg,topup_lang_en,Peyton Reed,"Paul Rudd, Michael Douglas, Evangeline Lilly, Corey Stoll, Bobby Cannavale, Anthony Mackie, Judy Greer, Abby Ryder Fortson",https://www.youtube.com/watch?v=cx3joJnXydc,US,117.0,130000000.0,519311965.0,Heroes don't get any bigger.,"superhero, ant, master thief, shrinking, based on comic, heist, miniaturization, mentor protégé relationship, aftercreditsstinger, duringcreditsstinger, marvel cinematic universe (mcu), overprotective father, father daughter relationship, good versus evil, robbery gang",Disney Plus,"I loved it it was so much fun and very funny, another marvel masterpiece",2026-05-30,0.01549105550728863,0.7065,0.26192595102794386,0.32190179042531897,2010s,0.014436609061469086,0.41250449155587526,-0.03214244896832243,-0.038175264485285694,0.03320628742199328,3.6355663879906475
245891,movie,John Wick,John Wick,2014-10-16,2014.0,7.455,20822,16.8873,Ex-hitman John Wick comes out of retirement to track down the gangsters that took everything from him.,en,"Action, Thriller",https://image.tmdb.org/t/p/w500/wXqWR7dHncNRbxoEGybEy7QTe9h.jpg,https://image.tmdb.org/t/p/w1280/ff2ti5DkA9UYLzyqhQfI2kZqEuh.jpg,28,Chad Stahelski,"Keanu Reeves, Michael Nyqvist, Alfie Allen, Willem Dafoe, Dean Winters, Adrianne Palicki, Omer Barnea, Toby Leonard Moore",https://www.youtube.com/watch?v=6r0s41Ju5XA,US,101.0,20000000.0,86085191.0,Don't set him off.,"hitman, bratva (russian mafia), gangster, secret organization, revenge, murder, dog, retired, widower","HBO Max Amazon Channel, HBO Max","This is very much my kind of movie. Straightforward, lots of good action, our hero never waivers from his path and no social or emotional nonsense. Those who have watched the movie might wonder why I claim that there is not emotional nonsense since the entire plot is driven by John Wick’s very emotional response to his wife’s death and the subsequent killing of the dog that he received as a last p",2026-05-30,0.02443258227421386,0.7455,0.6109585336929787,0.6013750517297136,2010s,0.044605382755149754,0.5526410348544738,-0.2039812791012192,0.11803104428729227,0.4371807910907089,10.598654974244452
675,movie,Harry Potter and the Order of the Phoenix,Harry Potter and the Order of the Phoenix,2007-07-08,2007.0,7.673,20792,19.5471,"When a new professor's methods leave Hogwarts unprepared to fight the rising tide of evil, Harry teaches students how to defend against the dark arts.",en,"Adventure, Fantasy",https://image.tmdb.org/t/p/w500/5aOyriWkPec0zUDxmHFP9qMmBaj.jpg,https://image.tmdb.org/t/p/w1280/pkxPkHOPJjOvzfQOclANEBT8OfK.jpg,"('/movie/popular', 'popular', {})",David Yates,"Daniel Radcliffe, Rupert Grint, Emma Watson, Imelda Staunton, Helena Bonham Carter, Robbie Coltrane, Gary Oldman, Ralph Fiennes",https://www.youtube.com/watch?v=47PHbQTmw5g,"GB, US",138.0,150000000.0,938212738.0,The rebellion begins.,"witch, dying and death, court, magic, prophecy, loss of loved one, professor, supernatural, child hero, school of witchcraft, black magic, sorcery, coming of age, occult, ghost","HBO Max Amazon Channel, Peacock Premium, YouTube TV, HBO Max, Peacock Premium Plus","Front and Centre for Dumbledore's Army.

Term 5 at Hogwarts for Harry and the gang and it's a deeply unsettling time. Harry faces getting expelled and finds himself shunned by many around him. This at a time when the Ministry of Magic compounds his misery by insisting to all and sundry that ""you know who"" is not back again.

Given that JK Rowling's fifth book is considered to be something of a",2026-05-29,0.028280786684211558,0.7673,0.7611732295559702,0.7575934388178114,2000s,0.05758925128213138,0.6309737693136904,0.3786349404082486,0.1537975213327898,-0.41454584173999176,10.760970618542075
767,movie,Harry Potter and the Half-Blood Prince,Harry Potter and the Half-Blood Prince,2009-07-15,2009.0,7.68,20770,19.4317,Dumbledore tries to prepare Harry for the final battle with Voldemort while Death Eaters wreak havoc in both Muggle and Wizard worlds.,en,"Adventure, Fantasy",https://image.tmdb.org/t/p/w500/z7uo9zmQdQwU5ZJHFpv2Upl30i1.jpg,https://image.tmdb.org/t/p/w1280/ze6Mx4QE5mQVXRYmG2flncqqle4.jpg,"('/movie/popular', 'popular', {})",David Yates,"Daniel Radcliffe, Rupert Grint, Emma Watson, Jim Broadbent, Michael Gambon, Tom Felton, Alan Rickman, Bonnie Wright",https://www.youtube.com/watch?v=DgeDDXcw--I,"GB, US",153.0,250000000.0,933959197.0,Dark secrets revealed.,"witch, dying and death, london, england, magic, school of witchcraft, sequel, apparition, curse, teenage crush, school, werewolf, teenage love, luck, ghost, wizard","HBO Max Amazon Channel, Peacock Premium, YouTube TV, HBO Max, Peacock Premium Plus","Hormones over excitement as part six is merely an appetiser to the double billed closure to come.

Death Eaters are running amok as Dumbledore has an important task for Harry and Voldermort has one for Draco; all set to the backdrop of raging adolescent hormones. While Harry also acquires a rather helpful book written by the mysterious Half-Blood Prince.

Potter 6 is not as dark as the pre-rel",2026-05-29,0.028113825713870277,0.768,0.754655906485593,0.762609625559172,2000s,0.057025923803368433,0.6334890406036652,-0.16337547754114776,0.04080168816273513,0.02090530718073369,2.3921519677043976
557,movie,Spider-Man,Spider-Man,2002-05-01,2002.0,7.329,20658,31.565,"After being bitten by a genetically altered spider at Oscorp, nerdy but endearing high school student Peter Parker is endowed with amazing powers to become the superhero known as Spider-Man.",en,"Action, Science Fiction",https://image.tmdb.org/t/p/w500/kjdJntyBeEvqm9w97QGBdxPptzj.jpg,https://image.tmdb.org/t/p/w1280/zQ8AxTPiCiS5nnwXpwTBPBHSaa5.jpg,"('/movie/popular', 'popular', {})",Sam Raimi,"Tobey Maguire, Willem Dafoe, Kirsten Dunst, James Franco, Cliff Robertson, Rosemary Harris, J.K. Simmons, Joe Manganiello",https://www.youtube.com/watch?v=t06RUxPbp_c,US,121.0,139000000.0,821708551.0,Go for the ultimate spin.,"new york city, adolescence, photographer, loss of loved one, photography, secret identity, hostility, superhero, spider, bad boss, villain, based on comic, teenage boy, teenage love, evil","Netflix, Disney Plus, Hulu, fuboTV, YouTube TV, Netflix Standard with Ads",Sam Raimi's Spider-Man captures the spirit of the comic book hero and it's still one of my all time favourite superhero movies. It lays out the perfect blueprint for a superhero origin story that I love revisiting every year or so. I've always been able to relate to Peter Parker growing up. Tobey Maguire and Co. delivered a great interpretation of the characters in a way that still can not be matc,2026-05-29,0.04566831047506473,0.7329,1.4398953866399031,0.5110836903852166,2000s,0.11625487785947274,0.5073661516349264,-0.5093486363903812,-0.9526162548020252,0.8774292076887694,11.51243304007329
496243,movie,Parasite,기생충,2019-05-30,2019.0,8.495,20639,36.6607,"All unemployed, Ki-taek's family takes peculiar interest in the wealthy and glamorous Parks for their livelihood until they get entangled in an unexpected incident.",ko,"Comedy, Thriller, Drama",https://image.tmdb.org/t/p/w500/7IiTTgloJzvGI1TAYymCfbfl3vT.jpg,https://image.tmdb.org/t/p/w1280/TU9NIjwzjoKPwQHoHshkFcQUCG.jpg,"('/movie/popular', 'popular', {})",Bong Joon Ho,"Song Kang-ho, Lee Sun-kyun, Cho Yeo-jeong, Choi Woo-shik, Park So-dam, Lee Jung-eun, Jang Hye-jin, Park Myung-hoon",https://www.youtube.com/watch?v=bM9QabAojCg,KR,133.0,11363000.0,257591776.0,Act like you own the place.,"dark comedy, con artist, social commentary, working class, infiltration, psychological thriller, class differences, family, unemployed, domestic worker, wealthy family, south korea, caste violence, seoul, south korea, provocative",Kanopy,"What makes ‘Parasite’ so satisfying is that it commits neither error. It’s an engrossing, stylish and near perfect movie, and its underlying themes go beyond merely pointing out class exploitation to challenge the logic of capital. Though he is often juggling a mosaic of characters, themes and social issues, Bong never eschews his anarchic impulses and dark humour. It’s a movie that should be seen",2026-05-29,0.053040780289345967,0.8494999999999999,1.7276798161868787,1.3466370818747662,2010s,0.14112964244814113,0.9263384836507366,0.12051365900119419,0.9464224262895715,0.6795917787276807,8.220672350624545
12,movie,Finding Nemo,Finding Nemo,2003-05-30,2003.0,7.819,20547,19.5929,"Nemo, an adventurous young clownfish, is unexpectedly taken from his Great Barrier Reef home to a dentist's office aquarium. It's up to his worrisome father Marlin and a friendly but forgetful fish Dory to bring Nemo home -- meeting vegetarian sharks, surfer dude turtles, hypnotic jellyfish, hungry seagulls, and more along the way.",en,"Animation, Family, Adventure",https://image.tmdb.org/t/p/w500/5lc6nQc0VhWFYFbNv016xze8Jvy.jpg,https://image.tmdb.org/t/p/w1280/eCynaAOgYYiw5yN5lBwz3IxqvaW.jpg,"('/movie/popular', 'popular', {})",Andrew Stanton,"Albert Brooks, Ellen DeGeneres, Alexander Gould, Willem Dafoe, Geoffrey Rush, Brad Garrett, Allison Janney, Austin Pendleton",https://www.youtube.com/watch?v=ZS_8btMjx2U,US,100.0,94000000.0,940335536.0,There are 3.7 trillion fish in the ocean. They're looking for one.,"fish, sydney, australia, parent child relationship, anthropomorphism, harbor, underwater, shark, pelican, fish tank, great barrier reef, sea turtle, missing child, aftercreditsstinger, duringcreditsstinger, short-term memory loss","Disney Plus, Hulu","One of the best animated films I have ever seen. Great characters, amusing animation, and laugh-out-loud humor. Also, watch for the little skit shown after the credits. It's all great stuff that simply must be seen.",2026-05-29,0.028347050223567108,0.7819,0.7637598274469865,0.8622167622804822,2000s,0.05781282492621581,0.6834351419331658,-0.41518369833558605,-0.20722421454153617,0.2278007308373622,8.293290666104905
140607,movie,Star Wars: The Force Awakens,Star Wars: The Force Awakens,2015-12-15,2015.0,7.249,20532,13.5831,"Thirty years after defeating the Galactic Empire, Han Solo and his allies face a new threat from the evil Kylo Ren and his army of Stormtroopers.",en,"Adventure, Action, Science Fiction",https://image.tmdb.org/t/p/w500/wqnLdwVXoBjKibFRR5U3y0aDUhs.jpg,https://image.tmdb.org/t/p/w1280/8BTsTfln4jlQrLXUBquXJ0ASQy9.jpg,878,J.J. Abrams,"Daisy Ridley, John Boyega, Oscar Isaac, Adam Driver, Carrie Fisher, Harrison Ford, Mark Hamill, Lupita Nyong'o",https://www.youtube.com/watch?v=sGbxmsDFVnE,US,136.0,245000000.0,2068223624.0,Every generation has a story.,"android, spacecraft, space opera, tuwaderalit","Disney Plus, YouTube TV","So where were you when the Science Fiction cinema sensation ‘Star Wars’ took shape and captured the imagination of the massive global moviegoers’ escapist expectations back in 1977? Regardless of whether you existed thirty-eight years ago or not, the legend of George Lucas’ highly-heralded SF blockbuster that shattered box office records worldwide was automatically engrained in your cinematic psyc",2026-05-30,0.019652058546296584,0.7249,0.4243507443590076,0.45375584191252016,2010s,0.028475862345023924,0.47862019403521383,0.1721063925006776,-0.17853311491133597,0.11531817805350374,9.825117419404238
263115,movie,Logan,Logan,2017-02-28,2017.0,7.8,20394,13.9324,"In the near future, a weary Logan cares for an ailing Professor X in a hideout on the Mexican border. But Logan's attempts to hide from the world and his legacy are upended when a young mutant arrives, pursued by dark forces.",en,"Action, Drama, Science Fiction",https://image.tmdb.org/t/p/w500/fnbjcRDYn6YviCcePDnGdyAkYsB.jpg,https://image.tmdb.org/t/p/w1280/4DZxWNSAyksN6N3JkvpJ53Yq6zU.jpg,878,James Mangold,"Hugh Jackman, Dafne Keen, Patrick Stewart, Elizabeth Rodriguez, Boyd Holbrook, Stephen Merchant, Richard E. Grant, Stephen Dunlevy",https://www.youtube.com/watch?v=XaE_9pfybL4,US,137.0,97000000.0,619021436.0,Someone has come along.,"future, experiment, immortality, self-destruction, cyborg, dystopia, superhero, mutant, road trip, based on comic, sequel, super power, neo-western, troubled past, quest","Disney Plus, HBO Max Amazon Channel, HBO Max","**LOGAN REVIEW: THE WOLVERINE GETS A SUPER SEND-OFF**

""Owing to its agitated hero’s misfortunes through the ages, this is a film that’s acutely aware of the dangers of emotional exploitation, and it spares its audience a similar fate. With Logan, Mangold and co-writer Scott Frank tell the definitive story of the Wolverine, in an involving and deeply satisfying series finale. It shows the fate o",2026-05-30,0.02015742654404536,0.78,0.4440777889732428,0.8486013982682167,2010s,0.030180977495213663,0.676607977003234,-0.25680954896907954,-0.277197102359567,-0.08481388805829898,12.49676315598124
12444,movie,Harry Potter and the Deathly Hallows: Part 1,Harry Potter and the Deathly Hallows: Part 1,2010-11-17,2010.0,7.734,20364,25.5541,"Harry, Ron and Hermione walk away from their last year at Hogwarts to find and destroy the remaining Horcruxes, putting an end to Voldemort's bid for immortality. But with Harry's beloved Dumbledore dead and Voldemort's unscrupulous Death Eaters on the loose, the world is more dangerous than ever.",en,"Adventure, Fantasy",https://image.tmdb.org/t/p/w500/iGoXIpQb7Pot00EEdwpwPajheZ5.jpg,https://image.tmdb.org/t/p/w1280/vcrgU0KaNj5mKUCIQSUdiQwTE9y.jpg,"('/movie/popular', 'popular', {})",David Yates,"Daniel Radcliffe, Emma Watson, Rupert Grint, Toby Jones, Helena Bonham Carter, Alan Rickman, Ralph Fiennes, Bill Nighy",https://www.youtube.com/watch?v=Su1LOpjvdZ4,"GB, US",146.0,250000000.0,954305868.0,Nowhere is safe.,"witch, friendship, london, england, corruption, escape, teleportation, isolation, magic, bravery, radio, road trip, shelter, tension, attack, werewolf","HBO Max Amazon Channel, Peacock Premium, YouTube TV, HBO Max, Peacock Premium Plus",I've been really looking forward to watching this film. Book 7 is my favorite Harry Potter book so being able to see it on film is really exciting. I was satisfied. I know I won't see everything that I read in the movie although there were some parts wherein I wished I saw it like the goodbye of the Dursleys to Harry. It made me tear up while reading the book but I didn't really see it in the film,2026-05-29,0.03697172731540794,0.7734,1.1004241800217909,0.8013059232782423,2010s,0.08691254560560631,0.6528925619834712,0.8463316616413281,0.15799474140151704,-0.3587891649746262,11.416232843151475
346364,movie,It,It,2017-09-06,2017.0,7.2,20310,14.2645,"In a small town in Maine, seven children known as The Losers Club come face to face with life problems, bullies and a monster that takes the shape of a clown called Pennywise.",en,"Horror, Thriller, Drama",https://image.tmdb.org/t/p/w500/9E2y5Q7WlCVNEhP5GiVTjhEhx1o.jpg,https://image.tmdb.org/t/p/w1280/qVGpxnjrGlHaSTCqTQI6viBDSfp.jpg,27,Andy Muschietti,"Jaeden Martell, Jeremy Ray Taylor, Sophia Lillis, Finn Wolfhard, Chosen Jacobs, Jack Dylan Grazer, Wyatt Oleff, Bill Skarsgård",https://www.youtube.com/watch?v=xKJmEC5ieOk,US,135.0,35000000.0,719766009.0,You'll float too.,"small town, based on novel or book, haunted house, clown, bullying, abandoned house, coming of age, flashback, murder, balloon, maine, school, creature, fear, summer","HBO Max Amazon Channel, Cinemax Amazon Channel, HBO Max, Cinemax Apple TV Channel","""Skarsgård goes to hell and back to craft a truly malevolent creation, utterly believable as the black soul of King’s cursed small town...""

Read the full review here: http://screen-space.squarespace.com/reviews/2017/9/6/it.html",2026-05-30,0.02063790954448157,0.72,0.4628334474799349,0.41864253472299395,2010s,0.03180213049085642,0.46101329500539007,0.173159273572508,0.11293850011667828,0.19676687670659626,9.136088714340875
10681,movie,WALL·E,WALL·E,2008-06-26,2008.0,8.112,20274,24.4171,"After hundreds of years doing what he was built for, WALL•E— a robot designed to clean up the earth—discovers a new purpose in life when he meets a sleek search robot named EVE. EVE comes to realize that WALL•E has inadvertently stumbled upon the key to the planet's future, and races back to space to report to the humans. Meanwhile, WALL•E chases EVE across the galaxy and sets into motion one of the most imaginative adventures ever brought to the big screen.",en,"Animation, Family, Science Fiction",https://image.tmdb.org/t/p/w500/hbhFnRzzg6ZDmm8YAmxBnQpQIPh.jpg,https://image.tmdb.org/t/p/w1280/nYs4ZwnJBK4AgljhvzwNz7fpr3E.jpg,"('/movie/popular', 'popular', {})",Andrew Stanton,"Ben Burtt, Elissa Knight, Jeff Garlin, Fred Willard, John Ratzenberger, Kathy Najimy, Sigourney Weaver, Lori Alan",https://www.youtube.com/watch?v=Tbr_L9Gap_M,US,98.0,180000000.0,521311860.0,"After 700 years of doing what he was built for, he'll discover what he was meant for.","garbage, dystopia, space travel, distant future, loneliness, robot, aftercreditsstinger, duringcreditsstinger, romantic, cheerful, dystopian",Disney Plus,"A movie about robots and emotions? Pixar has made the unlikely combo work really well.

WALL·E is the lonely robot, the last of his kind, left behind by the humans on Earth. His job - to clean up the garbage the humans have dumped. In 700 years, he seams to have developed one tiny bug - a personality.
Join WALL·E in his interstellar quest to find a partner.

WALL·E is short, satirical, dialog",2026-05-29,0.03532671324887385,0.8112,1.0362110402382652,1.072180007311733,2000s,0.08136225666840123,0.7887172116421131,-0.49026344098362,-0.786630102788017,0.5046305122839345,12.503635840484744
37165,movie,The Truman Show,The Truman Show,1998-06-04,1998.0,8.2,20213,20.5652,"In a picture-perfect seaside town, an insurance salesman begins to realize that his entire existence may be staged and observed by a vast unseen audience as part of a long-running real-time reality TV show.",en,"Comedy, Drama",https://image.tmdb.org/t/p/w500/vuza0WqY239yBXOadKlGwJsZJFE.jpg,https://image.tmdb.org/t/p/w1280/aCHn2TXYJfzPXQKA6r9mKPbMlUB.jpg,"('/movie/popular', 'popular', {})",Peter Weir,"Jim Carrey, Laura Linney, Noah Emmerich, Natascha McElhone, Holland Taylor, Ed Harris, Paul Giamatti, Brian Delate",https://www.youtube.com/watch?v=N1VlDVRiFrk,US,103.0,60000000.0,264118712.0,On the air. Unaware.,"escape, paranoia, dystopia, suspicion, video surveillance, deception, hidden camera, simulated reality , television producer, tv show in film, make believe, actor, suspenseful, allegory of the cave","fuboTV, Paramount Plus Premium, Paramount+ Amazon Channel, Kanopy","**""The Truman Show""** dares to question the reality. It's original, complex, and philosophical. It manages to make you feel truly frustrated and **claustrophobic**. 

Perhaps many of us can relate to Truman as we live in a time of routines. We often live our lives without giving a second thought to the simplicity and meaninglessness of life itself. Our limited perspectives keep us from seeing. T",2026-05-29,0.029753775972811695,0.82,0.8186713804914209,1.1352406406316984,1990s,0.06255912741842734,0.8203377650017966,-0.6186820976091749,0.015130623500463807,0.4592744789966053,11.631698001062269
100402,movie,Captain America: The Winter Soldier,Captain America: The Winter Soldier,2014-03-20,2014.0,7.654,19991,7.7497,"After the cataclysmic events in New York with The Avengers, Steve Rogers, aka Captain America is living quietly in Washington, D.C. and trying to adjust to the modern world. But when a S.H.I.E.L.D. colleague comes under attack, Steve becomes embroiled in a web of intrigue that threatens to put the world at risk. Joining forces with the Black Widow, Captain America struggles to expose the ever-widening conspiracy while fighting off professional assassins sent to silence him at every turn. When the full scope of the villainous plot is revealed, Captain America and the Black Widow enlist the help of a new ally, the Falcon. However, they soon find themselves up against an unexpected and formidable enemy—the Winter Soldier.",en,"Action, Adventure, Science Fiction",https://image.tmdb.org/t/p/w500/tVFRpFw3xTedgPGqxW0AOI8Qhh0.jpg,https://image.tmdb.org/t/p/w1280/1RWLMyC9KcFfcaoViMiJGSSZzzr.jpg,acclaimed,"Joe Russo, Anthony Russo","Chris Evans, Samuel L. Jackson, Scarlett Johansson, Robert Redford, Sebastian Stan, Anthony Mackie, Cobie Smulders, Frank Grillo",https://www.youtube.com/watch?v=7SlILk2WMTI,US,136.0,170000000.0,714766572.0,In heroes we trust.,"washington dc, usa, superhero, based on comic, aftercreditsstinger, duringcreditsstinger, marvel cinematic universe (mcu), political thriller","Disney Plus, Hulu",This movie is very good I loved it so much.,2026-05-30,0.011212282771696789,0.7654,0.09490401646699527,0.7439780748055459,2010s,0.0,0.6241466043837587,0.0,-0.0,0.0,11.821545448452397
210577,movie,Gone Girl,Gone Girl,2014-10-01,2014.0,7.89,19947,23.658,"With his wife's disappearance having become the focus of an intense media circus, a man sees the spotlight turned on him when it's suspected that he may not be innocent.",en,"Mystery, Thriller, Drama",https://image.tmdb.org/t/p/w500/ts996lKsxvjkO2yiYG0ht4qAicO.jpg,https://image.tmdb.org/t/p/w1280/h2JaQWLKhapm7AuSViJwGiv8ngC.jpg,"('/movie/popular', 'popular', {})",David Fincher,"Ben Affleck, Rosamund Pike, Neil Patrick Harris, Tyler Perry, Carrie Coon, Kim Dickens, Patrick Fugit, David Clennon",https://www.youtube.com/watch?v=2-_-1nJf8Vg,US,149.0,61000000.0,370890259.0,You don't know what you've got 'til it's...,"infidelity, based on novel or book, wife, marriage crisis, investigation, disappearance, psychological thriller, whodunit, cynical, missing person, search party, criminal lawyer, murder suspect, missing wife, perspective",YouTube TV,"Good cast and decent story, although the end is not very convincing.

The cut of the movie is really good and Rosamund Pike is genuinely scary.

Not a master piece but quite good given the lack of passable movies lately.",2026-05-29,0.03422844572213152,0.7889999999999999,0.9933401568524481,0.9130952278000001,2010s,0.07765669437092332,0.7089471793029106,0.321277150591108,0.22547278031601514,0.017616264035539175,5.577252999023325
862,movie,Toy Story,Toy Story,1995-11-22,1995.0,7.975,19874,27.8769,"Led by Woody, Andy's toys live happily in his room until Andy's birthday brings Buzz Lightyear onto the scene. Afraid of losing his place in Andy's heart, Woody plots against Buzz. But when circumstances separate Buzz and Woody from their owner, the duo eventually learns to put aside their differences.",en,"Family, Comedy, Animation, Adventure",https://image.tmdb.org/t/p/w500/uXDfjJbdP4ijW5hWSBrPrlKpxab.jpg,https://image.tmdb.org/t/p/w1280/3Rfvhy1Nl6sSGJwyjb0QiZzZYlB.jpg,"('/movie/popular', 'popular', {})",John Lasseter,"Tom Hanks, Tim Allen, Don Rickles, Jim Varney, Wallace Shawn, John Ratzenberger, Annie Potts, John Morris",https://www.youtube.com/watch?v=CxwTLktovTU,US,81.0,30000000.0,401157969.0,The adventure takes off when toys come to life!,"rescue, friendship, mission, jealousy, villain, bullying, elementary school, rivalry, anthropomorphism, friends, computer animation, buddy, walkie talkie, toy car, boy next door","Disney Plus, Hulu","This movie came out when I was three. Now I'm twenty seven and the goddamn thing still holds up.

_Final rating:★★★★ - Very strong appeal. A personal favourite._",2026-05-29,0.04033235939433968,0.7975,1.2316064852893134,0.97400606680224,1990s,0.09825134168594052,0.7394897592526052,0.4500052303144929,-0.6398787049648711,0.002979559748172492,8.291673968707068
585,movie,"Monsters, Inc.","Monsters, Inc.",2001-11-01,2001.0,7.849,19751,22.63,"Lovable Sulley and his wisecracking sidekick Mike Wazowski are the top scare team at Monsters, Inc., the scream-processing factory in Monstropolis. When a little girl named Boo wanders into their world, it's the monsters who are scared silly, and it's up to Sulley and Mike to keep her out of sight and get her back home.",en,"Animation, Comedy, Family, Fantasy",https://image.tmdb.org/t/p/w500/wFSpyMsp7H0ttERbxY7Trlv8xry.jpg,https://image.tmdb.org/t/p/w1280/sDTnMOJ3H5wI38OxObmCtK7wfd5.jpg,"('/movie/popular', 'popular', {})",Pete Docter,"John Goodman, Billy Crystal, Mary Gibbs, Steve Buscemi, James Coburn, Jennifer Tilly, Bob Peterson, John Ratzenberger",https://www.youtube.com/watch?v=GnuQH_ASzu8,US,92.0,115000000.0,579700000.0,It's nothing personal. It's just their job.,"monster, panic, cheating, kidnapping, door, infant, villain, portal, rivalry, energy supply, friends, hijinks, best friend, chameleon, family",Disney Plus,"Always a pleasure to revisit this. <em>'Monsters, Inc.'</em> is one of my favourite Disney animated films.

The cast and characters are what sets this above the majority of the studio's other work, with so many memorable ones involved. John Goodman (Sully) and Billy Crystal (Mike) make for an outstanding duo in the lead roles, they are truly perfect for their respective roles.

Elsewhere, you ",2026-05-29,0.03274113309205496,0.7849,0.9352828941457949,0.8837147054577436,2000s,0.0726384911805567,0.6942148760330581,0.3940933737058725,0.2773885841038284,0.43335423453161354,9.093600357552143
259316,movie,Fantastic Beasts and Where to Find Them,Fantastic Beasts and Where to Find Them,2016-11-16,2016.0,7.309,19691,13.1937,"In 1926, Newt Scamander arrives at the Magical Congress of the United States of America with a magically expanded briefcase, which houses a number of dangerous creatures and their habitats. When the creatures escape from the briefcase, it sends the American wizarding authorities after Newt, and threatens to strain even further the state of magical and non-magical relations.",en,"Fantasy, Adventure",https://image.tmdb.org/t/p/w500/fLsaFKExQt05yqjoAvKsmOMYvJR.jpg,https://image.tmdb.org/t/p/w1280/8Qsr8pvDL3s1jNZQ4HK1d1Xlvnh.jpg,14,David Yates,"Eddie Redmayne, Katherine Waterston, Dan Fogler, Alison Sudol, Colin Farrell, Jon Voight, Ron Perlman, Johnny Depp",https://www.youtube.com/watch?v=Vso5o11LuGU,"GB, US",133.0,180000000.0,809342332.0,From J.K. Rowling's wizarding world.,"witch, new york city, robbery, escape, teleportation, magic, suitcase, mistake, spin off, subway station, wizard, goblin, magical creature, 1920s, based on young adult novel","HBO Max Amazon Channel, HBO Max","Struggles desperately to be three movies at once: One about Pokemon, one about proto-Voldemort and one (uncharacteristically dark story) about child abuse. But none of these three movies are bad movies so _Fantastic Beasts_ gets a pass from me. 

I was particularly fond of the degree to which it tied into the Harry Potter world at large. There were moments were I went “Oh Harry’s used that same ",2026-05-30,0.01908867378155747,0.7309,0.402359014691721,0.49675172826704284,2010s,0.026574998218244973,0.5001796622349984,-0.2263952524243693,-0.060200159405067045,0.07970582386440243,8.643750712280204
8587,movie,The Lion King,The Lion King,1994-06-15,1994.0,8.254,19682,23.4197,"Young lion prince Simba, eager to one day become king of the Pride Lands, grows up under the watchful eye of his father Mufasa; all the while his villainous uncle Scar conspires to take the throne for himself. Amid betrayal and tragedy, Simba must confront his past and find his rightful place in the Circle of Life.",en,"Animation, Family, Drama",https://image.tmdb.org/t/p/w500/sKCr78MXSLixwmZ8DyJLrpMsd15.jpg,https://image.tmdb.org/t/p/w1280/q00H8EqULYSK74lgevMkhmGGLHn.jpg,"('/movie/popular', 'popular', {})","Roger Allers, Rob Minkoff","Matthew Broderick, Moira Kelly, Jeremy Irons, Nathan Lane, Ernie Sabella, James Earl Jones, Robert Guillaume, Rowan Atkinson",https://www.youtube.com/watch?v=UgjEj5mXLlk,US,89.0,45000000.0,763455561.0,The greatest adventure of all is finding our place in the Circle of Life.,"father murder, loss of loved one, africa, lion, cartoon, manipulation, villain, redemption, musical, uncle, coming of age, murder, shaman, king, animals",Disney Plus,"If you enjoy reading my reviews, please follow my blog :)

First of all, this is (obviously) a SPOILER review. I mean, who hasn’t seen this movie yet? If by some extraordinary circumstances you’re one of those unlucky souls, stop. Spend the next hour and a half watching this animated masterpiece and come back here. I will still avoid mentioning key details because I’m just used to it, and The Li",2026-05-29,0.033883672765178945,0.8253999999999999,0.9798819411880556,1.1739369383507685,1990s,0.07649342800879844,0.8397412863816026,-0.21652883208752835,0.668139479054335,0.30898277571347926,9.779623444899737
49051,movie,The Hobbit: An Unexpected Journey,The Hobbit: An Unexpected Journey,2012-12-12,2012.0,7.374,19622,18.093,"Bilbo Baggins, a hobbit enjoying his quiet life, is swept into an epic quest by Gandalf the Grey and thirteen dwarves who seek to reclaim their mountain home from Smaug, the dragon.",en,"Adventure, Fantasy, Action",https://image.tmdb.org/t/p/w500/yHA9Fc37VmpUA5UncTxxo3rTGVA.jpg,https://image.tmdb.org/t/p/w1280/xyXmtuvsoM5J3yNad0nvcetpBdY.jpg,"('/movie/popular', 'popular', {})",Peter Jackson,"Martin Freeman, Ian McKellen, Richard Armitage, James Nesbitt, Ken Stott, Sylvester McCoy, Barry Humphries, Dean O'Gorman",https://www.youtube.com/watch?v=CXqZK-nbZ74,"NZ, US",169.0,250000000.0,1021103568.0,From the smallest beginnings come the greatest legends.,"based on novel or book, elves, dwarf, magic, horseback riding, sword, burglar, legend, riddle, mountain, contract, travel, troll, creature, thunderstorm","HBO Max Amazon Channel, YouTube TV, HBO Max","Peter Jackson creates the same world that he already shown us in the LOTR, but that's not the only thing he repeats.

He also repeats ripping Tolkiens book into a sucession of endless races and actions scenes with orcs falling everywhere and several ""inventions"" that mess the beautiful story created by the English author.

He also repeats those several minutes of platform game inside caves tha",2026-05-29,0.02617699164978128,0.7373999999999999,0.6790515703130287,0.5433306051511083,2010s,0.05049103215848149,0.5235357527847647,-0.3879033533716883,-0.36603883331801323,0.2986975436948252,11.536915492563802
71446,tv,Money Heist,La casa de papel,2017-05-02,2017.0,8.232,19444,59.3377,"To carry out the biggest heist in history, a mysterious man called The Professor recruits a band of eight robbers who have a single characteristic: none of them has anything to lose. Five months of seclusion - memorizing every step, every detail, every probability - culminate in eleven days locked up in the National Coinage and Stamp Factory of Spain, surrounded by police forces and with dozens of hostages in their power, to find out whether their suicide wager will lead to everything or nothing.",es,"Crime, Drama",https://image.tmdb.org/t/p/w500/reEMJA1uzscCbkpeRJeTT2bjqUp.jpg,https://image.tmdb.org/t/p/w1280/gFZriCkpJYsApPZEF3jhxL4yLzG.jpg,"('/tv/popular', 'popular', {})",Álex Pina,"Úrsula Corberó, Itziar Ituño, Álvaro Morte, Pedro Alonso, Miguel Herrán, Jaime Lorente, Esther Acebo, Najwa Nimri",https://www.youtube.com/watch?v=_InqQJRqGW4,ES,,,,The perfect robbery.,"stockholm syndrome, spain, perfect crime, robbery, professor, flashback, heist, sexual tension, bank robbery, hostage situation, tunnel, time jump, intense, awestruck","Netflix, Netflix Standard with Ads",Best Series 🥰,2026-05-29,0.08584991308335968,0.8231999999999999,3.0083846278588307,1.158171780020777,2010s,0.2518278853936116,0.8318361480416816,1.8287913583485345,-0.8004784946580801,1.964284410442608,11.272060393261738
329865,movie,Arrival,Arrival,2016-11-10,2016.0,7.626,19343,16.5203,"Taking place after alien crafts land around the world, an expert linguist is recruited by the military to determine whether they come in peace or are a threat.",en,"Drama, Science Fiction, Mystery",https://image.tmdb.org/t/p/w500/x2FJsf1ElAgr63Y3PNPtJrcmpoe.jpg,https://image.tmdb.org/t/p/w1280/uKPbFF08QkRMvIAsgCh1soeyPhZ.jpg,18,Denis Villeneuve,"Amy Adams, Jeremy Renner, Forest Whitaker, Michael Stuhlbarg, Mark O'Brien, Tzi Ma, Abigail Pniowsky, Julia Scarlett Dan",https://www.youtube.com/watch?v=7W1m5ER3I1Y,US,116.0,47000000.0,203388186.0,Why are they here?,"spacecraft, extraterrestrial technology, loss, time, alien, language, female protagonist, scientist, heartbreak, based on short story, alien contact, military, alien language, linguist, first contact","Paramount Plus Premium, Paramount+ Amazon Channel, Kanopy, Hoopla","Prior to approaching this film, a word of warning that it is what many like to call a ""thinking person's sci-fi"". If you're going to watch this, I beg that you dedicate your utmost attention to it, as it is truly one rewarding experiences, one of the smartest, most well-constructed science fiction marvels of recent years. 'Arrival' is Villeneuve's magnum opus.

Firstly, to put your mind at ease,",2026-05-30,0.023901605878067854,0.7626000000000001,0.5902318650029577,0.7239133278401024,2010s,0.04281386469010642,0.6140855192238595,0.1055773863707729,-0.33097384721497425,-0.1387210686740052,9.020743610029653
281957,movie,The Revenant,The Revenant,2015-12-25,2015.0,7.54,19304,11.3004,"In the 1820s, a frontiersman, Hugh Glass, sets out on a path of vengeance against those who left him for dead after a bear mauling.",en,"Western, Drama, Adventure",https://image.tmdb.org/t/p/w500/ji3ecJphATlVgWNY0B0RVXZizdf.jpg,https://image.tmdb.org/t/p/w1280/mNQtUJv1F3u0uSKILFrGjIHqkxx.jpg,37,Alejandro G. Iñárritu,"Leonardo DiCaprio, Tom Hardy, Domhnall Gleeson, Will Poulter, Forrest Goodluck, Duane Howard, Arthur Redcloud, Melaw Nakehk'o",https://www.youtube.com/watch?v=EhffABvfAW0,"CA, HK, TW, US",157.0,135000000.0,532950503.0,Blood lost. Life found.,"rape, based on novel or book, parent child relationship, winter, child murder, mountain, grizzly bear, animal attack, wilderness, gore, native american, forest, based on true story, liar, fur trapping",,"The Revenant, a ravishingly violent Western survival yarn from Alejandro González Iñárritu, has a healthy few, scattered like acorns across its two-and-a-half-hour canvas..... no matter how extended, the film’s tense story is under the director’s complete control...DiCaprio’s performance is an astonishing testament to his commitment to a role. cinematographer Emmanuel Lubezki done a great job..as ",2026-05-30,0.016349443234355186,0.754,0.2954331241445364,0.6622858907319535,2010s,0.01733281524127892,0.5831836148041684,-0.058620265843287424,0.14722272039545128,-0.043129953895146,9.41870421891586
497,movie,The Green Mile,The Green Mile,1999-12-10,1999.0,8.506,19265,30.5031,"A supernatural tale set on death row in a Southern prison, where gentle giant John Coffey possesses the mysterious power to heal people's ailments. When the cell block's head guard, Paul Edgecomb, recognizes Coffey's miraculous gift, he tries desperately to help stave off the condemned man's execution.",en,"Fantasy, Drama, Crime",https://image.tmdb.org/t/p/w500/8VG8fDNiy50H4FedGwdSVUPoaJe.jpg,https://image.tmdb.org/t/p/w1280/b6HWTOxn1xevvyHU2K9ICvaRU6g.jpg,"('/movie/popular', 'popular', {})",Frank Darabont,"Tom Hanks, David Morse, Bonnie Hunt, Michael Clarke Duncan, James Cromwell, Michael Jeter, Graham Greene, Doug Hutchison",https://www.youtube.com/watch?v=Bg7epsq0OIQ,US,189.0,60000000.0,286801374.0,Paul Edgecomb didn't believe in miracles. Until the day he met one.,"mentally disabled, death penalty, based on novel or book, southern usa, psychopath, death row, jail guard, supernatural, great depression, prison guard, jail, electric chair, capital punishment, torture, magic realism",YouTube TV,"**_A Masterpiece of Cinematic Art -- Captivating and Reverent_**

The head Death Row guard at a Tennessee prison during the Depression (Tom Hanks) observes a new inmate, a black man named John Coffey (Michael Clarke Duncan), who is condemned to death for the rape and murder of two little girls. He and his fellow guards become intrigued by the gentle giant and conclude that there's no way he coul",2026-05-29,0.044131951251447706,0.8506,1.3799235896864064,1.3545196610397627,1990s,0.11107119112031873,0.9302910528206975,-0.9695218777649653,0.8382306287319283,-0.9019381911647181,13.98314986425629
383498,movie,Deadpool 2,Deadpool 2,2018-05-15,2018.0,7.49,19211,13.387,Wisecracking mercenary Deadpool battles the evil and powerful Cable and other bad guys to save a boy's life.,en,"Action, Comedy, Adventure",https://image.tmdb.org/t/p/w500/to0spRl1CMDvyUbOnbb4fTk3VAd.jpg,https://image.tmdb.org/t/p/w1280/3P52oz9HPQWxcwHOwxtyrVV1LKi.jpg,35,David Leitch,"Ryan Reynolds, Josh Brolin, Morena Baccarin, Julian Dennison, Zazie Beetz, T.J. Miller, Leslie Uggams, Karan Soni",https://www.youtube.com/watch?v=20bpjtCbCz0,US,120.0,110000000.0,785896632.0,Prepare for the Second Coming.,"hero, superhero, mutant, mercenary, based on comic, sequel, breaking the fourth wall, aftercreditsstinger, duringcreditsstinger, joyful","Disney Plus, fuboTV, YouTube TV, FXNow","The Mercenary with a mouth is back with the eagerly awaited arrival of “Deadpool 2”. The films sees the generally well-meaning but highly dysfunctional Deadpool (Ryan Reynolds), back to taking out bad guys as a contract player but also managing his relationship with Vanessa (Morena Baccarin).  When an unexpected event sends his life into a freefall, Deadpool tries to find a new purpose with the he",2026-05-30,0.01936834064088996,0.749,0.41327581321428525,0.6264559854365185,2010s,0.027518596152775975,0.5652173913043481,-0.1040300230888405,-0.13322213184609868,0.0430831917371215,5.884668669117079
209112,movie,Batman v Superman: Dawn of Justice,Batman v Superman: Dawn of Justice,2016-03-23,2016.0,5.999,18980,19.0059,"Fearing the actions of a god-like Super Hero left unchecked, Gotham City’s own formidable, forceful vigilante takes on Metropolis’s most revered, modern-day savior, while the world wrestles with what sort of hero it really needs. And with Batman and Superman at war with one another, a new threat quickly arises, putting mankind in greater danger than it’s ever known before.",en,"Action, Adventure, Fantasy",https://image.tmdb.org/t/p/w500/5UsK3grJvtQrtzEgqNlDljJW96w.jpg,https://image.tmdb.org/t/p/w1280/5fX1oSGuYdKgwWmUTAN5MNSQGzr.jpg,"('/movie/popular', 'popular', {})",Zack Snyder,"Ben Affleck, Henry Cavill, Jesse Eisenberg, Gal Gadot, Amy Adams, Diane Lane, Laurence Fishburne, Jeremy Irons",https://www.youtube.com/watch?v=s9EkdAHqtvU,US,152.0,250000000.0,874362803.0,The greatest gladiator match in the history of the world.,"superhero, based on comic, revenge, vigilante, super power, dc extended universe (dceu), versus fighting, versus","HBO Max Amazon Channel, TNT, TBS, tru TV, HBO Max","Awesome moview. Best Action sequence.

**Slow in the first half**",2026-05-29,0.02749777735016736,0.5999,0.7306084527302499,-0.44199179047336107,2010s,0.05494737232626912,0.029464606539705306,-0.1921143418687564,0.17581405887406024,-0.5099750532514453,10.570015613160214
24,movie,Kill Bill: Vol. 1,Kill Bill: Vol. 1,2003-10-10,2003.0,7.973,18923,12.7537,"An assassin is shot by her ruthless employer, Bill, and other members of their assassination circle – but she lives to plot her vengeance.",en,"Action, Crime",https://image.tmdb.org/t/p/w500/v7TaX8kXMXs5yFFGR41guUDNcnB.jpg,https://image.tmdb.org/t/p/w1280/iffzIhuLAO38Po6sh1s6ZEVwlNL.jpg,"('/movie/top_rated', 'top_rated', {})",Quentin Tarantino,"Uma Thurman, Lucy Liu, Vivica A. Fox, Daryl Hannah, David Carradine, Michael Madsen, Julie Dreyfus, Chiaki Kuriyama",https://www.youtube.com/watch?v=sXwXk3jcrfU,US,111.0,30000000.0,180906076.0,Here comes the bride.,"martial arts, japan, kung fu, sword, yakuza, sword fight, revenge, vigilante, female yakuza, samurai sword, retribution, dreary",,"This is the movie he made after Jackie Brown. I thought I might just point that out. A big budget, larger scale action blockbuster. This is the one that would change the direction of Tarantino's films. And honestly, it might be my favorite besides Pulp Fiction.

This movie oozes with style and beautifully choreographed action. This movie has an anime section akin to Japanese anime. That's some c",2026-05-29,0.018452080827049994,0.7973,0.37750960263828987,0.9725728705904227,2000s,0.024427129148438254,0.7387711103126124,0.11217239543086471,0.15497655306133673,-0.016806833080812558,8.294966610054932
694,movie,The Shining,The Shining,1980-05-23,1980.0,8.2,18918,20.7031,"Jack Torrance accepts a caretaker job at the Overlook Hotel, where he, along with his wife Wendy and their son Danny, must live isolated from the rest of the world for the winter. But they aren't prepared for the madness that lurks within.",en,"Horror, Thriller",https://image.tmdb.org/t/p/w500/uAR0AWqhQL1hQa69UDEbb2rE5Wx.jpg,https://image.tmdb.org/t/p/w1280/mmd1HnuvAzFc4iuVJcnBrhDNEKr.jpg,"('/movie/popular', 'popular', {})",Stanley Kubrick,"Jack Nicholson, Shelley Duvall, Danny Lloyd, Scatman Crothers, Barry Nelson, Philip Stone, Joe Turkel, Anne Jackson",https://www.youtube.com/watch?v=jAE7dNurHR4,"GB, US",144.0,19000000.0,44781695.0,A masterpiece of modern horror.,"hotel, new year's eve, child abuse, based on novel or book, isolation, telepathy, delusion, halloween, snowstorm, colorado, seclusion, surrealism, writer's block, alcoholism, premonition",,"A masterpiece. Kubrick chose a perfect cast and uses the timing and music to create a greatly opressing atmosphere.

Nicholson is superb, but Duval and the kid are not less good.",2026-05-29,0.029953289991963013,0.82,0.826459412132712,1.1352406406316984,1980s,0.06323228911098722,0.8203377650017966,0.17396147596218361,0.0698094735643668,0.05393035741723844,3.573980886937334
419430,movie,Get Out,Get Out,2017-02-24,2017.0,7.622,18870,14.8086,"Chris and his girlfriend Rose go upstate to visit her parents for the weekend. At first, Chris reads the family's overly accommodating behavior as nervous attempts to deal with their daughter's interracial relationship, but as the weekend progresses, a series of increasingly disturbing discoveries lead him to a truth that he never could have imagined.",en,"Mystery, Thriller, Horror",https://image.tmdb.org/t/p/w500/mE24wUCfjK8AoBBjaMjho7Rczr7.jpg,https://image.tmdb.org/t/p/w1280/o8dPH0ZSIyyViP6rjRX1djwCUwI.jpg,27,Jordan Peele,"Daniel Kaluuya, Allison Williams, Catherine Keener, Bradley Whitford, Caleb Landry Jones, Marcus Henderson, Betty Gabriel, LaKeith Stanfield",https://www.youtube.com/watch?v=gsB70ZRY-hI,US,104.0,4500000.0,255407969.0,"Just because you're invited, doesn't mean you're welcome.","kidnapping, externally controlled action, manipulation, dark comedy, hypnosis, parents-in-law, satire, racist, revenge, interracial relationship, disappearance, racism, psychological thriller, neurosurgeon, missing person","HBO Max Amazon Channel, Cinemax Amazon Channel, HBO Max, Cinemax Apple TV Channel","Horror and comedy have blended well since around the beginning of film for one key reason: the release that both allow from the audience. The building set-up is not unlike the quiet before the jump scare. Both utilize equations of timing to provoke an unconscious reaction. Because of these similarities, the horror-comedy is a well-tapped genre, especially in the last couple decades of works aiming",2026-05-30,0.02142511460481684,0.7622,0.49356200452146193,0.7210469354164672,2010s,0.03445816585649696,0.6126482213438736,0.26685281810888245,0.020434090934646595,-0.14710793875367487,9.556503290071731
9806,movie,The Incredibles,The Incredibles,2004-10-27,2004.0,7.724,18869,15.8047,"Bob Parr has given up his superhero days to log in time as an insurance adjuster and raise his three children with his formerly heroic wife in suburbia. But when he receives a mysterious assignment, it's time to get back into costume.",en,"Action, Adventure, Animation, Family",https://image.tmdb.org/t/p/w500/2LqaLgk4Z226KkgPJuiOQ58wvrm.jpg,https://image.tmdb.org/t/p/w1280/lxwzY9vNwjDgxWKt3zZ6zcU6rEJ.jpg,12,Brad Bird,"Craig T. Nelson, Holly Hunter, Sarah Vowell, Spencer Fox, Jason Lee, Samuel L. Jackson, Elizabeth Peña, Eli Fucile",https://www.youtube.com/watch?v=sJCjKQQOqT0,US,115.0,92000000.0,631442092.0,Super strength can’t carry a family.,"hero, secret identity, superhero, villain, family relationships, super power, supervillain, 1950s, 1960s, excited, hopeful",Disney Plus,"I don't like this as much as most do, but <em>'The Incredibles'</em> is definitely a fun watch.

I enjoy how the film starts out, as it introduces the characters and tells some backstories. However, once the film becomes more serious it kinda loses its edge for me. When it's less so though, it's good. The animation is very nice, even if the humans look a tad iffy especially with their expression",2026-05-30,0.022866274245691605,0.7724,0.549817684854241,0.7941399422191554,2000s,0.03932064853930258,0.6492993172835073,-0.02185054324690421,-0.20301070681458924,0.07143245429025927,5.325129976942236
808,movie,Shrek,Shrek,2001-05-18,2001.0,7.762,18753,31.6118,"It ain't easy bein' green -- especially if you're a likable (albeit smelly) ogre named Shrek. On a mission to retrieve a gorgeous princess from the clutches of a fire-breathing dragon, Shrek teams up with an unlikely compatriot -- a wisecracking donkey.",en,"Animation, Comedy, Fantasy, Adventure, Family",https://image.tmdb.org/t/p/w500/iB64vpL3dIObOtMZgX3RqdVdQDc.jpg,https://image.tmdb.org/t/p/w1280/40Wtp7kMG6mZ4d5T1jfrd8qrvD4.jpg,"('/movie/popular', 'popular', {})","Andrew Adamson, Vicky Jenson","Mike Myers, Eddie Murphy, Cameron Diaz, John Lithgow, Vincent Cassel, Peter Dennis, Clive Pearse, Jim Cummings",https://www.youtube.com/watch?v=ppDwfm6e498,US,90.0,60000000.0,488977919.0,The greatest fairy tale never told.,"princess, based on novel or book, magic, fairy tale, donkey, liberation, lordship, prince, castle, villain, robin hood, enchantment, swamp, parody, anthropomorphism","Hulu, Peacock Premium, Peacock Premium Plus","Shrek is a masterpiece! It helped subvert the Disney Renaissance formula with great humor and heart. Myers, Murphy, Diaz and Lithgow did a great job voicing the characters. Now that this film is 20 years old, I am glad it existed.",2026-05-29,0.04573602081658961,0.7762,1.4425384604674043,0.8213706702436857,2000s,0.11648333302417034,0.6629536471433705,-0.8862186026935889,-0.9479349160855721,-1.0937779148222888,14.47734619893697
1930,movie,The Amazing Spider-Man,The Amazing Spider-Man,2012-06-23,2012.0,6.736,18499,18.5289,"Peter Parker is an outcast high schooler abandoned by his parents as a boy, leaving him to be raised by his Uncle Ben and Aunt May. Like most teenagers, Peter is trying to figure out who he is and how he got to be the person he is today. As Peter discovers a mysterious briefcase that belonged to his father, he begins a quest to understand his parents' disappearance – leading him directly to Oscorp and the lab of Dr. Curt Connors, his father's former partner. As Spider-Man is set on a collision course with Connors' alter ego, The Lizard, Peter will make life-altering choices to use his powers and shape his destiny to become a hero.",en,"Action, Adventure, Science Fiction",https://image.tmdb.org/t/p/w500/jexoNYnPd6vVrmygwF6QZmWPFdu.jpg,https://image.tmdb.org/t/p/w1280/HVcza6tJtWFrLriuh3Ano4Vt46.jpg,"('/movie/popular', 'popular', {})",Marc Webb,"Andrew Garfield, Emma Stone, Rhys Ifans, Denis Leary, Martin Sheen, Sally Field, Irrfan Khan, Campbell Scott",https://www.youtube.com/watch?v=WLxul0Vzuhk,US,136.0,215000000.0,758725893.0,The untold story begins.,"experiment, loss of loved one, superhero, based on comic, vigilante, teenage girl, teenage boy, super power, spider bite, masked vigilante, reboot, genetic engineering, social outcast, death of husband, duringcreditsstinger","Disney Plus, fuboTV, YouTube TV, FXNow","“The Amazing Spider-Man” has no reason to exist. Spider-man is a hero everyone knows. He´s been around for so long everyone is familiar with his origin, comic fan or not. Its basic pop culture. Then you have the Sam Raimi´s movies. Everyone saw them. They made loads of money and they´re always on tv. They are entertaining movies. “Spider-Man” gave us a good origin story in 2002. This movie simply ",2026-05-29,0.026807652715394484,0.6736,0.7036694310268711,0.08614101358135458,2010s,0.0526188869937741,0.29428674092705714,0.2244140672179635,0.4180210215978485,-0.48688446747339986,13.404936658722896
2062,movie,Ratatouille,Ratatouille,2007-06-28,2007.0,7.841,18463,20.0781,"Remy, a rat, possesses a palate far more refined than that of his fellow comrades. He dreams of becoming a chef, one who creates rather than scavenges. When fate deposits him in the sewers beneath one of Paris’s most famous restaurants, he finds himself ideally placed to fulfill his dream. Forming an unusual alliance with a hapless young kitchen worker, Remy begins a daring culinary double life.  As Remy pursues his vision, he must navigate the suspicions of the calculating Head Chef Skinner, the disapproval of Remy’s own colony, and the foreboding presence of renowned food critic Anton Ego, who strikes fear in the hearts of chefs all throughout France.",en,"Animation, Comedy, Family, Fantasy",https://image.tmdb.org/t/p/w500/t3vaWRPSf6WjDSamIkKDs1iQWna.jpg,https://image.tmdb.org/t/p/w1280/xgDj56UWyeWQcxQ44f5A3RTWuSs.jpg,"('/movie/popular', 'popular', {})",Brad Bird,"Patton Oswalt, Ian Holm, Lou Romano, Brian Dennehy, Peter Sohn, Peter O'Toole, Brad Garrett, Janeane Garofalo",https://www.youtube.com/watch?v=NgsQ8mVkN8w,US,111.0,150000000.0,623726000.0,He's dying to become a chef.,"work, sibling relationship, paris, france, expensive restaurant, river, confidence, cooking, evacuation, mouse, leaving one's family, restaurant, villain, restaurant critic, spice, cookbook","Disney Plus, Hulu, fuboTV",,2026-05-29,0.02904903863612853,0.7841,0.7911619518295427,0.8779819206104739,2000s,0.06018133872773903,0.6913402802730869,0.3138878669188679,0.4819538946169911,0.3882906722963484,11.654203512907687
101299,movie,The Hunger Games: Catching Fire,The Hunger Games: Catching Fire,2013-11-15,2013.0,7.427,18440,10.4415,"After surviving the Hunger Games, Katniss and Peeta struggle with the consequences of their victory as unrest spreads across Panem. Forced back into the spotlight, they become symbols of hope and resistance while the Capitol prepares a new and deadly challenge that will change the future of the nation forever.",en,"Adventure, Action, Science Fiction",https://image.tmdb.org/t/p/w500/vrQHDXjVmbYzadOXQ0UaObunoy2.jpg,https://image.tmdb.org/t/p/w1280/eHaazLxM5LRMh0ySkVy7SK6wUWt.jpg,acclaimed,Francis Lawrence,"Jennifer Lawrence, Josh Hutcherson, Liam Hemsworth, Woody Harrelson, Elizabeth Banks, Donald Sutherland, Lenny Kravitz, Philip Seymour Hoffman",https://www.youtube.com/watch?v=zoKj7TdJk98,US,146.0,130000000.0,865011746.0,Remember who the enemy is.,"rebellion, based on novel or book, propaganda, dystopia, uprising, sequel, president, survival, murder, conspiracy, female protagonist, tournament, game, survival competition, based on young adult novel","Hulu, Philo, Tubi TV",Good :3,2026-05-30,0.015106784851113206,0.7426999999999999,0.24692594229750897,0.5813103047642696,2010s,0.013140077186603934,0.5425799496945742,0.016103742116839195,0.03497926844440413,-0.03674211526531186,4.53319269618554
77338,movie,The Intouchables,Intouchables,2011-11-02,2011.0,8.269,18418,19.6383,A true story of two men who should never have met – a quadriplegic aristocrat who was injured in a paragliding accident and a young man from the projects.,fr,"Drama, Comedy",https://image.tmdb.org/t/p/w500/1QU7HKgsQbGpzsJbJK4pAVQV9F5.jpg,https://image.tmdb.org/t/p/w1280/cK070s3Qdn1Ib7Gq8RgIyJKgvu3.jpg,"('/movie/popular', 'popular', {})","Éric Toledano, Olivier Nakache","François Cluzet, Omar Sy, Anne Le Ny, Audrey Fleurot, Joséphine de Meaux, Clotilde Mollet, Alba Gaïa Bellugi, Cyril Mendy",https://www.youtube.com/watch?v=dvdJ--DV0Uo,FR,113.0,13000000.0,426590315.0,Sometimes you have to reach into someone else's world to find out what's missing in your own.,"friendship, male friendship, based on true story, inspiring story, aristocrat, paragliding, unlikely friendship, duringcreditsstinger, quadriplegic, quadriplegia, feel good, cheerful, emotional","Kanopy, Hoopla, Plex, Plex Channel, Amazon Prime Video Free with Ads, Tubi TV",Funny and moving for a difficult topic to talk about. François Cluzet and Omar Sy perform amazingly well although the rest of the cast is also very good.,2026-05-29,0.028412735042054924,0.8269,0.7663238349634087,1.1846859099393996,2010s,0.05803444596205496,0.845131153431549,0.3145086032512679,-0.1868363378576975,-0.4328667305124135,10.357850446257531
1891,movie,The Empire Strikes Back,The Empire Strikes Back,1980-05-20,1980.0,8.393,18403,15.8001,"The epic saga continues as Luke Skywalker, in hopes of defeating the evil Galactic Empire, learns the ways of the Jedi from aging master Yoda. But Darth Vader is more determined than ever to capture Luke. Meanwhile, rebel leader Princess Leia, cocky Han Solo, Chewbacca, and droids C-3PO and R2-D2 are thrown into various stages of capture, betrayal and despair.",en,"Adventure, Action, Science Fiction",https://image.tmdb.org/t/p/w500/nNAeTmF4CtdSgMDplXTDPOpYzsX.jpg,https://image.tmdb.org/t/p/w1280/aJCtkxLLzkk1pECehVjKHA2lBgw.jpg,"('/movie/top_rated', 'top_rated', {})",Irvin Kershner,"Mark Hamill, Harrison Ford, Carrie Fisher, Billy Dee Williams, Anthony Daniels, David Prowse, Peter Mayhew, Kenny Baker",https://www.youtube.com/watch?v=e0QkbuRaEDc,US,124.0,18000000.0,538400000.0,The Star Wars saga continues.,"rebellion, android, spacecraft, asteroid, rebel, space battle, snowstorm, space colony, swamp, sequel, space opera, arctic, intense, tuwaderalit","Disney Plus, Hulu, YouTube TV","**Overrated **

An enjoyable film - just not as engaging as parts IV and VI. The argument that Jedi was ruined by little furry creatures is laughable as this instalment features a _little green muppet_. I was expecting Kermit and Miss Piggy to show up.

Once we get the impressive Hoth battle over with the film meanders and crawls along - padding out its running time with predictable romantic s",2026-05-29,0.022859618955712663,0.8393,0.5495578955464097,1.2735440750720795,1980s,0.03929819354448188,0.8896873877111036,-0.004876437098005192,-0.11851582643052812,0.017482398773878895,3.01116268750815
129,movie,Spirited Away,千と千尋の神隠し,2001-07-20,2001.0,8.534,18322,34.565,"A young girl, Chihiro, becomes trapped in a strange new world of spirits. When her parents undergo a mysterious transformation, she must call upon the courage she never knew she had to free her family.",ja,"Animation, Family, Fantasy",https://image.tmdb.org/t/p/w500/39wmItIWsg5sZMyRUHLkWBcuVCM.jpg,https://image.tmdb.org/t/p/w1280/dyJvKsNs2KP8qQnAXbRwDjblViy.jpg,"('/movie/popular', 'popular', {})",Hayao Miyazaki,"Rumi Hiiragi, Miyu Irino, Mari Natsuki, Takashi Naito, Yasuko Sawaguchi, Tatsuya Gashûin, Ryunosuke Kamiki, Yumi Tamai",https://www.youtube.com/watch?v=GAp2_0JJskk,JP,125.0,19000000.0,274925095.0,Beyond the tunnel was a mysterious town.,"witch, parent child relationship, darkness, bath house, magic, spirit, parallel world, amusement park, youkai, japanese mythology, anime","HBO Max Amazon Channel, HBO Max","One of the great ""masters"" of the anime art. Somehow, if I would personally associate ""Akira"" to ""self-destruction"", then this anime would be the opposite :)",2026-05-29,0.050008716983070245,0.8534,1.6093231960951158,1.3745844080052068,2000s,0.13089943969906398,0.940352137980597,0.05951429257754888,0.5915494352187194,0.7068400964593528,6.8848847432028615
76338,movie,Thor: The Dark World,Thor: The Dark World,2013-10-30,2013.0,6.51,18319,13.4686,"Thor fights to restore order across the cosmos… but an ancient race led by the vengeful Malekith returns to plunge the universe back into darkness. Faced with an enemy that even Odin and Asgard cannot withstand, Thor must embark on his most perilous and personal journey yet, one that will reunite him with Jane Foster and force him to sacrifice everything to save us all.",en,"Action, Adventure, Fantasy",https://image.tmdb.org/t/p/w500/wp6OxE4poJ4G7c0U2ZIXasTSMR7.jpg,https://image.tmdb.org/t/p/w1280/5QEOy0QEpad9QsXeMxuGHPXMale.jpg,14,Alan Taylor,"Chris Hemsworth, Natalie Portman, Tom Hiddleston, Christopher Eccleston, Anthony Hopkins, Jaimie Alexander, Zachary Levi, Ray Stevenson",https://www.youtube.com/watch?v=npvJ9FTgZbM,US,112.0,170000000.0,644783140.0,Delve into the darkness.,"superhero, based on comic, hostile takeover, norse mythology, aftercreditsstinger, duringcreditsstinger, marvel cinematic universe (mcu), mythological place",Disney Plus,"There have been plenty of movies based on classical cartoon superheroes that have been poorly implemented and with a lousy story. Luckily this one is not one of those. This was really a very enjoyable movie and I liked this movie a lot better than the first Thor movie which I felt was mostly silly.

This one has a story which was rather okay and held somewhat together. You have to remember that ",2026-05-30,0.01948639969790771,0.651,0.41788424963146703,-0.07581015835401274,2010s,0.027916928234812857,0.21307941070786923,-0.040456643809039856,0.2217219725680795,-0.1586680796242697,10.046150457301586
381288,movie,Split,Split,2017-01-19,2017.0,7.341,18316,10.0035,"Though Kevin has evidenced 23 personalities to his trusted psychiatrist, Dr. Fletcher, there remains one still submerged who is set to materialize and dominate all the others. Compelled to abduct three teenage girls led by the willful, observant Casey, Kevin reaches a war for survival among all of those contained within him — as well as everyone around him — as the walls between his compartments shatter apart.",en,"Horror, Thriller",https://image.tmdb.org/t/p/w500/lli31lYTFpvxVBeFHWoe5PMfW5s.jpg,https://image.tmdb.org/t/p/w1280/9pkZesKMnblFfKxEhQx45YQ2kIe.jpg,27,M. Night Shyamalan,"James McAvoy, Anya Taylor-Joy, Haley Lu Richardson, Jessica Sula, Betty Buckley, Izzie Coffey, Brad William Henke, Sebastian Arcelus",https://www.youtube.com/watch?v=6bfooooTKyM,US,117.0,9000000.0,278454358.0,Kevin has 23 distinct personalities. The 24th is about to be unleashed.,"child abuse, philadelphia, pennsylvania, kidnapping, gore, sequel, stalking, teenage girl, super power, mental illness, split personality, multiple personality, traumatic childhood, dissociative identity disorder, psychological horror, bitter","HBO Max Amazon Channel, Cinemax Amazon Channel, HBO Max, Cinemax Apple TV Channel, Tubi TV","There has been much discussion about whether or not it is socially acceptable to watch Split. I'm gonna skip right over all of that and talk purely about the movie itself.

Anya Taylor-Joy is good, but McAvoy is what makes Split worthwhile. The heavily touted twist/reveal was all but a non-event, even to a M. Night alum like myself. Though it is certainly (in my opinion) the best work The Shamha",2026-05-30,0.014473085500944402,0.7341,0.222189482117048,0.5196828676561214,2010s,0.011001971158023613,0.5116780452748835,-0.1044265015942225,0.08517427350854624,0.027040749411128776,12.006963346945652
313369,movie,La La Land,La La Land,2016-12-01,2016.0,7.898,18104,14.9202,"Mia, an aspiring actress, serves lattes to movie stars in between auditions and Sebastian, a jazz musician, scrapes by playing cocktail party gigs in dingy bars, but as success mounts they are faced with decisions that begin to fray the fragile fabric of their love affair, and the dreams they worked so hard to maintain in each other threaten to rip them apart.",en,"Comedy, Drama, Romance",https://image.tmdb.org/t/p/w500/uDO8zWDhfWwoFdKS4fzkUJt0Rf0.jpg,https://image.tmdb.org/t/p/w1280/nlPCdZlHtRNcF6C9hzUH4ebmV1w.jpg,35,Damien Chazelle,"Ryan Gosling, Emma Stone, John Legend, Rosemarie DeWitt, Finn Wittrock, Callie Hernandez, Sonoya Mizuno, Jessica Rothe",https://www.youtube.com/watch?v=0pdqf4P9MB8,US,129.0,30000000.0,509183536.0,Here's to the fools who dream.,"dancing, dance, jazz, melancholy, musical, ambition, casting, coffee shop, jazz club, traffic jam, hollywood, los angeles, california, pianist, pier, audition",,"""To me, _La La Land_ is like religion. I see the appeal, and I would never take it away from anyone. But I would also never stand in line for it."" 
- Jeff WInger, probably.

_Final rating:★★½ - Not quite for me, but I definitely get the appeal._",2026-05-30,0.021586577726914646,0.7898,0.4998647190331958,0.9188280126472697,2010s,0.035002943556929754,0.7118217750628819,-0.27449908498283265,0.19592935869238623,-0.29028118557121957,12.61183049600909
